scan_time,Rank,coin,market,price,VPD,momentum,trigger,1D%,1H%,RSI14,Williams,Vol3/10,TodayValue/10,IntraAccel,SpikeCollapse,PrevRank,PrevVPD,VPDVelocity,RankChange,NEW,Status
2026-08-29T15:01:56.376177+09:00,1,MANTRA,KRW-MANTRA,7.69,74.0,↑↑,-,11.77,-0.13,53.7,-43.3,3.4,2.92,1.06,False,,,,,,
2026-08-29T15:01:56.376177+09:00,2,META,KRW-META,10.0,73.0,→,-,-2.91,0.0,45.1,-57.3,1.77,1.92,1.1,False,,,,,,
2026-08-29T15:01:56.376177+09:00,3,O,KRW-O,707.0,64.0,↑,-,12.58,0.0,60.6,-32.4,1.16,2.75,6.43,False,,,,,,
2026-08-29T15:01:56.376177+09:00,4,QUID,KRW-QUID,94.6,63.0,↑↑,-,7.38,0.53,20.2,-78.0,1.3,3.18,8.73,False,,,,,,
2026-08-29T15:01:56.376177+09:00,5,ERA,KRW-ERA,79.9,63.0,↑,-,1.78,-0.62,28.1,-71.8,1.21,2.08,1.84,False,,,,,,
2026-08-29T15:01:56.376177+09:00,6,VTHO,KRW-VTHO,0.557,63.0,↑,-,0.91,0.72,56.7,-21.2,1.11,1.25,1.24,False,,,,,,
2026-08-29T15:01:56.376177+09:00,7,MNT,KRW-MNT,704.0,52.0,↑,-,0.14,0.28,55.5,-55.2,1.43,0.11,0.07,False,,,,,,
2026-08-29T15:01:56.376177+09:00,8,KNC,KRW-KNC,169.0,50.0,↑,-,4.97,0.6,55.3,-6.1,0.98,1.88,3.65,False,,,,,,
2026-08-29T15:01:56.376177+09:00,9,HOME,KRW-HOME,8.55,50.0,→,-,1.54,-0.12,24.4,-77.6,0.71,1.67,2.6,False,,,,,,
2026-08-29T15:01:56.376177+09:00,10,CHIP,KRW-CHIP,60.8,50.0,↑,-,5.19,0.66,68.2,-16.4,1.78,1.01,0.54,False,,,,,,
2026-08-29T15:01:56.376177+09:00,11,SKR,KRW-SKR,14.1,50.0,↑↑,-,9.3,2.17,61.0,-45.3,3.37,0.97,0.31,True,,,,,,
2026-08-29T15:01:56.376177+09:00,12,ORBS,KRW-ORBS,8.54,50.0,↑,-,-4.04,0.47,49.0,-44.2,3.22,0.72,0.24,True,,,,,,
2026-08-29T15:01:56.376177+09:00,13,BEAM,KRW-BEAM,2.26,48.0,↑,-,2.73,0.89,50.3,-63.4,3.24,0.14,0.04,True,,,,,,
2026-08-29T15:01:56.376177+09:00,14,MLK,KRW-MLK,49.0,48.0,→,-,-2.39,0.0,50.4,-69.4,3.09,0.06,0.02,True,,,,,,
2026-08-29T15:01:56.376177+09:00,15,KERNEL,KRW-KERNEL,53.5,46.0,↑,-,1.52,0.56,51.5,-64.7,2.56,0.15,0.05,True,,,,,,
2026-08-29T15:01:56.376177+09:00,16,BLAST,KRW-BLAST,0.39,46.0,→,-,-1.27,-0.51,49.8,-44.9,2.06,0.06,0.03,True,,,,,,
2026-08-29T15:01:56.376177+09:00,17,0G,KRW-0G,228.0,45.0,↓,-,-0.44,0.0,54.9,-42.4,0.74,0.68,0.94,False,,,,,,
2026-08-29T15:01:56.376177+09:00,18,OPG,KRW-OPG,127.0,44.0,↑,-,4.96,1.6,35.2,-66.7,1.06,0.49,0.54,False,,,,,,
2026-08-29T15:01:56.376177+09:00,19,WAXP,KRW-WAXP,5.98,44.0,↑,-,-1.16,0.67,48.5,-39.1,2.44,0.38,0.15,True,,,,,,
2026-08-29T15:01:56.376177+09:00,20,ORDER,KRW-ORDER,45.9,44.0,↑,-,-0.86,0.44,46.0,-34.2,2.4,0.15,0.06,True,,,,,,
2026-08-29T15:01:56.376177+09:00,21,MINA,KRW-MINA,88.0,43.0,↑,-,4.51,0.23,70.3,-28.0,2.45,0.98,0.42,True,,,,,,
2026-08-29T15:01:56.376177+09:00,22,TFUEL,KRW-TFUEL,12.6,43.0,↓,-,-3.82,0.0,55.5,-36.5,1.09,0.24,0.19,False,,,,,,
2026-08-29T15:01:56.376177+09:00,23,HP,KRW-HP,9.87,43.0,↑,-,-0.1,0.1,41.4,-50.8,2.01,0.13,0.06,True,,,,,,
2026-08-29T15:01:56.376177+09:00,24,TOKAMAK,KRW-TOKAMAK,418.0,43.0,→,-,-0.95,-0.71,40.6,-59.1,2.1,0.06,0.03,True,,,,,,
2026-08-29T15:01:56.376177+09:00,25,XTZ,KRW-XTZ,309.0,42.0,↑,-,1.31,0.32,41.9,-53.4,0.78,0.57,0.87,False,,,,,,
2026-08-29T15:01:56.376177+09:00,26,SYRUP,KRW-SYRUP,244.0,42.0,↓,-,-0.81,-0.41,43.8,-63.2,0.8,0.53,0.7,False,,,,,,
2026-08-29T15:01:56.376177+09:00,27,DKA,KRW-DKA,4.86,40.0,→,-,-2.41,0.0,41.8,-38.8,1.79,0.44,0.24,True,,,,,,
2026-08-29T15:01:56.376177+09:00,28,MMT,KRW-MMT,231.0,40.0,→,-,1.76,-0.43,50.0,-72.4,0.42,0.32,0.71,False,,,,,,
2026-08-29T15:01:56.376177+09:00,29,ONG,KRW-ONG,165.0,40.0,→,-,1.23,0.61,63.5,-44.4,0.79,0.28,0.16,False,,,,,,
2026-08-29T15:01:56.376177+09:00,30,PLUME,KRW-PLUME,19.4,40.0,↓,-,-1.52,0.0,50.9,-45.1,0.5,0.27,0.37,False,,,,,,
2026-08-29T15:01:56.376177+09:00,31,ENA,KRW-ENA,228.0,40.0,→,-,1.33,-0.44,67.5,-23.1,1.05,0.27,0.23,False,,,,,,
2026-08-29T15:01:56.376177+09:00,32,XAUT,KRW-XAUT,6181000.0,40.0,↓,-,-0.06,-0.02,50.2,-68.2,0.65,0.25,0.3,False,,,,,,
2026-08-29T15:01:56.376177+09:00,33,G,KRW-G,5.29,40.0,↓,-,-0.38,0.0,45.9,-77.8,0.61,0.22,0.31,False,,,,,,
2026-08-29T15:01:56.376177+09:00,34,BONK,KRW-BONK,0.00422,40.0,↑,-,1.44,1.2,48.9,-52.3,0.18,0.21,0.99,False,,,,,,
2026-08-29T15:01:56.376177+09:00,35,W,KRW-W,12.8,40.0,→,-,0.79,-0.78,45.2,-52.8,0.63,0.2,0.11,False,,,,,,
2026-08-29T15:01:56.376177+09:00,36,GAS,KRW-GAS,1774.0,40.0,→,-,-1.0,0.06,60.9,-47.9,0.9,0.2,0.16,False,,,,,,
2026-08-29T15:01:56.376177+09:00,37,T,KRW-T,5.1,40.0,↑,-,0.39,0.39,50.5,-50.0,0.61,0.15,0.22,False,,,,,,
2026-08-29T15:01:56.376177+09:00,38,USDC,KRW-USDC,1388.0,40.0,↑,-,0.22,0.22,46.9,-50.0,0.61,0.14,0.16,False,,,,,,
2026-08-29T15:01:56.376177+09:00,39,ATH,KRW-ATH,6.64,40.0,↑,-,1.68,0.45,49.9,-41.9,0.36,0.14,0.25,False,,,,,,
2026-08-29T15:01:56.376177+09:00,40,INJ,KRW-INJ,7080.0,40.0,→,-,-0.84,0.21,46.5,-46.3,0.43,0.14,0.23,False,,,,,,
2026-08-29T15:01:56.376177+09:00,41,AGLD,KRW-AGLD,232.0,40.0,→,-,0.0,0.87,54.0,-54.3,0.45,0.12,0.17,False,,,,,,
2026-08-29T15:01:56.376177+09:00,42,AVNT,KRW-AVNT,139.0,40.0,↑,-,0.72,0.72,45.3,-48.9,0.32,0.12,0.26,False,,,,,,
2026-08-29T15:01:56.376177+09:00,43,USDT,KRW-USDT,1387.0,40.0,→,-,0.14,0.0,45.7,-52.5,0.53,0.11,0.14,False,,,,,,
2026-08-29T15:01:56.376177+09:00,44,HBAR,KRW-HBAR,105.0,40.0,↓,-,-0.94,0.0,48.0,-52.1,0.47,0.11,0.18,False,,,,,,
2026-08-29T15:01:56.376177+09:00,45,NXPC,KRW-NXPC,293.0,40.0,→,-,0.34,-0.34,55.0,-48.4,0.55,0.1,0.14,False,,,,,,
2026-08-29T15:01:56.376177+09:00,46,AWE,KRW-AWE,86.7,40.0,↓,-,-0.8,0.0,47.4,-63.8,0.62,0.1,0.1,False,,,,,,
2026-08-29T15:01:56.376177+09:00,47,AVAX,KRW-AVAX,10140.0,40.0,↓,-,0.0,0.0,48.2,-48.2,0.38,0.1,0.18,False,,,,,,
2026-08-29T15:01:56.376177+09:00,48,MORPHO,KRW-MORPHO,3316.0,40.0,→,-,-1.31,0.97,54.7,-56.1,0.5,0.1,0.14,False,,,,,,
2026-08-29T15:01:56.376177+09:00,49,USD1,KRW-USD1,1388.0,40.0,→,-,0.07,0.0,45.9,-62.7,0.2,0.09,0.32,False,,,,,,
2026-08-29T15:01:56.376177+09:00,50,DOGE,KRW-DOGE,118.0,40.0,↓,-,-0.84,0.0,51.3,-50.5,0.37,0.09,0.16,False,,,,,,
2026-08-29T15:01:56.376177+09:00,51,VIRTUAL,KRW-VIRTUAL,954.0,40.0,→,-,-1.14,0.21,50.3,-52.3,0.47,0.09,0.13,False,,,,,,
2026-08-29T15:01:56.376177+09:00,52,ID,KRW-ID,43.5,40.0,↑,-,0.46,0.46,50.0,-41.4,0.69,0.09,0.1,False,,,,,,
2026-08-29T15:01:56.376177+09:00,53,CFX,KRW-CFX,63.6,40.0,↑,-,0.63,0.79,56.6,-56.8,0.23,0.09,0.22,False,,,,,,
2026-08-29T15:01:56.376177+09:00,54,POLYX,KRW-POLYX,48.7,40.0,↑,-,1.04,-0.2,46.5,-29.3,1.52,0.09,0.05,True,,,,,,
2026-08-29T15:01:56.376177+09:00,55,THETA,KRW-THETA,243.0,40.0,↑,-,0.83,0.83,56.3,-41.8,0.34,0.08,0.2,False,,,,,,
2026-08-29T15:01:56.376177+09:00,56,GRT,KRW-GRT,22.9,40.0,↓,-,-1.29,0.0,48.1,-44.7,0.27,0.08,0.18,False,,,,,,
2026-08-29T15:01:56.376177+09:00,57,PEPE,KRW-PEPE,0.00507,40.0,→,-,-1.17,0.2,54.9,-44.2,0.34,0.07,0.15,False,,,,,,
2026-08-29T15:01:56.376177+09:00,58,XRP,KRW-XRP,1926.0,40.0,→,-,0.47,-0.1,59.6,-43.1,0.38,0.07,0.11,False,,,,,,
2026-08-29T15:01:56.376177+09:00,59,ONT,KRW-ONT,78.9,40.0,→,-,0.25,0.0,59.9,-51.8,0.57,0.07,0.05,False,,,,,,
2026-08-29T15:01:56.376177+09:00,60,ETHFI,KRW-ETHFI,741.0,40.0,→,-,-0.13,0.82,51.9,-67.4,0.25,0.06,0.17,False,,,,,,
2026-08-29T15:01:56.376177+09:00,61,COW,KRW-COW,169.0,40.0,↑,-,0.0,-0.59,48.4,-59.0,0.19,0.06,0.06,False,,,,,,
2026-08-29T15:01:56.376177+09:00,62,RE,KRW-RE,709.0,40.0,↓,-,-0.56,0.0,47.9,-48.8,0.24,0.06,0.12,False,,,,,,
2026-08-29T15:01:56.376177+09:00,63,MOODENG,KRW-MOODENG,59.4,40.0,↑,-,1.54,0.68,48.7,-57.4,0.19,0.06,0.21,False,,,,,,
2026-08-29T15:01:56.376177+09:00,64,YGG,KRW-YGG,31.3,40.0,→,-,0.32,0.0,54.4,-49.4,0.34,0.04,0.09,False,,,,,,
2026-08-29T15:01:56.376177+09:00,65,USDE,KRW-USDE,1390.0,40.0,→,-,0.29,-0.22,48.9,-48.6,0.38,0.0,0.01,False,,,,,,
2026-08-29T15:01:56.376177+09:00,66,BORA,KRW-BORA,29.7,39.0,→,-,-1.0,-1.33,39.2,-45.7,1.52,0.07,0.04,True,,,,,,
2026-08-29T15:01:56.376177+09:00,67,SAHARA,KRW-SAHARA,11.8,38.0,→,-,2.61,0.0,42.8,-39.9,0.89,0.4,0.43,False,,,,,,
2026-08-29T15:01:56.376177+09:00,68,BTT,KRW-BTT,0.000405,38.0,↑,-,1.5,0.5,53.4,-28.8,0.63,0.31,0.37,False,,,,,,
2026-08-29T15:01:56.376177+09:00,69,F,KRW-F,4.42,38.0,→,-,0.23,0.0,45.8,-31.4,0.89,0.21,0.2,False,,,,,,
2026-08-29T15:01:56.376177+09:00,70,BLUR,KRW-BLUR,22.5,38.0,↑,-,0.45,0.45,48.2,-25.0,0.44,0.21,0.3,False,,,,,,
2026-08-29T15:01:56.376177+09:00,71,2Z,KRW-2Z,78.3,38.0,↑,-,0.77,0.64,46.0,-33.3,0.58,0.19,0.32,False,,,,,,
2026-08-29T15:01:56.376177+09:00,72,ENSO,KRW-ENSO,1195.0,38.0,→,-,-0.83,-1.16,54.2,-28.9,0.78,0.17,0.17,False,,,,,,
2026-08-29T15:01:56.376177+09:00,73,JUP,KRW-JUP,308.0,38.0,→,-,0.65,0.0,56.2,-28.4,0.95,0.16,0.12,False,,,,,,
2026-08-29T15:01:56.376177+09:00,74,VVV,KRW-VVV,22200.0,38.0,→,-,-0.36,0.86,52.8,-39.4,0.31,0.16,0.38,False,,,,,,
2026-08-29T15:01:56.376177+09:00,75,CELO,KRW-CELO,102.0,38.0,↓,-,-1.92,-0.97,48.3,-29.5,0.41,0.13,0.21,False,,,,,,
2026-08-29T15:01:56.376177+09:00,76,AAVE,KRW-AAVE,168700.0,38.0,→,-,-0.18,0.3,58.1,-38.4,0.44,0.12,0.2,False,,,,,,
2026-08-29T15:01:56.376177+09:00,77,TAO,KRW-TAO,327700.0,38.0,→,-,-0.21,0.18,52.7,-33.4,0.93,0.12,0.11,False,,,,,,
2026-08-29T15:01:56.376177+09:00,78,STRAX,KRW-STRAX,13.3,38.0,↑,-,1.53,0.76,47.4,-24.0,0.58,0.12,0.14,False,,,,,,
2026-08-29T15:01:56.376177+09:00,79,LAYER,KRW-LAYER,96.6,38.0,→,-,0.0,1.47,51.0,-27.8,0.53,0.11,0.15,False,,,,,,
2026-08-29T15:01:56.376177+09:00,80,MON,KRW-MON,38.4,38.0,→,-,0.79,-0.26,54.5,-36.2,0.38,0.11,0.24,False,,,,,,
2026-08-29T15:01:56.376177+09:00,81,HUNT,KRW-HUNT,118.0,38.0,↓,-,-0.84,0.0,47.2,-26.1,0.49,0.1,0.16,False,,,,,,
2026-08-29T15:01:56.376177+09:00,82,ARK,KRW-ARK,153.0,38.0,→,-,-1.29,0.66,51.5,-29.8,0.73,0.1,0.05,False,,,,,,
2026-08-29T15:01:56.376177+09:00,83,ORCA,KRW-ORCA,1753.0,38.0,→,-,-0.06,0.52,57.9,-22.4,0.42,0.1,0.16,False,,,,,,
2026-08-29T15:01:56.376177+09:00,84,PENGU,KRW-PENGU,12.8,38.0,→,-,0.79,-0.78,60.7,-28.6,0.38,0.09,0.14,False,,,,,,
2026-08-29T15:01:56.376177+09:00,85,UNI,KRW-UNI,6150.0,38.0,↑,-,0.33,0.65,54.8,-25.1,0.46,0.09,0.14,False,,,,,,
2026-08-29T15:01:56.376177+09:00,86,LINEA,KRW-LINEA,3.43,38.0,↑,-,0.88,0.29,53.8,-34.1,0.84,0.09,0.07,False,,,,,,
2026-08-29T15:01:56.376177+09:00,87,MANA,KRW-MANA,103.0,38.0,↓,-,0.0,0.0,50.8,-36.6,0.46,0.09,0.14,False,,,,,,
2026-08-29T15:01:56.376177+09:00,88,LINK,KRW-LINK,15780.0,38.0,→,-,-0.44,0.13,58.3,-36.9,0.44,0.08,0.13,False,,,,,,
2026-08-29T15:01:56.376177+09:00,89,USDG,KRW-USDG,1385.0,38.0,→,-,0.22,-1.21,57.5,-32.3,0.31,0.06,0.18,False,,,,,,
2026-08-29T15:01:56.376177+09:00,90,API3,KRW-API3,316.0,38.0,↑,-,0.32,0.96,50.9,-30.6,0.7,0.05,0.05,False,,,,,,
2026-08-29T15:01:56.376177+09:00,91,MED,KRW-MED,1.99,38.0,↓,-,0.0,0.0,56.3,-28.3,0.36,0.04,0.07,False,,,,,,
2026-08-29T15:01:56.376177+09:00,92,SOPH,KRW-SOPH,5.4,37.0,↑,-,3.85,-0.37,42.8,-55.2,1.9,0.38,0.19,True,,,,,,
2026-08-29T15:01:56.376177+09:00,93,ZKP,KRW-ZKP,60.4,37.0,↑,-,1.0,1.0,39.6,-41.4,0.92,0.35,0.31,False,,,,,,
2026-08-29T15:01:56.376177+09:00,94,BREV,KRW-BREV,100.0,37.0,→,-,0.81,0.0,39.7,-42.5,0.6,0.32,0.4,False,,,,,,
2026-08-29T15:01:56.376177+09:00,95,ME,KRW-ME,85.1,37.0,→,-,0.95,0.0,37.4,-62.6,0.59,0.24,0.38,False,,,,,,
2026-08-29T15:01:56.376177+09:00,96,AKT,KRW-AKT,724.0,37.0,→,-,1.26,0.0,41.4,-64.7,0.57,0.23,0.32,False,,,,,,
2026-08-29T15:01:56.376177+09:00,97,ELSA,KRW-ELSA,63.7,37.0,↑,-,0.63,0.63,40.5,-41.6,0.54,0.22,0.34,False,,,,,,
2026-08-29T15:01:56.376177+09:00,98,ZBT,KRW-ZBT,110.0,37.0,→,-,-0.9,-0.9,43.3,-61.9,0.82,0.2,0.19,False,,,,,,
2026-08-29T15:01:56.376177+09:00,99,COMP,KRW-COMP,25360.0,37.0,↑,-,0.52,0.36,43.4,-62.6,0.61,0.18,0.29,False,,,,,,
2026-08-29T15:01:56.376177+09:00,100,TIA,KRW-TIA,475.0,37.0,↑,-,0.42,0.21,41.1,-63.3,0.45,0.17,0.28,False,,,,,,
2026-08-29T15:01:56.376177+09:00,101,TRX,KRW-TRX,471.0,37.0,↓,-,-0.63,-0.21,42.9,-41.4,0.56,0.16,0.22,False,,,,,,
2026-08-29T15:01:56.376177+09:00,102,CHZ,KRW-CHZ,19.1,37.0,→,-,0.53,0.0,38.5,-49.1,0.61,0.16,0.22,False,,,,,,
2026-08-29T15:01:56.376177+09:00,103,IRYS,KRW-IRYS,18.7,37.0,→,-,-0.53,0.0,51.9,-84.5,0.55,0.15,0.24,False,,,,,,
2026-08-29T15:01:56.376177+09:00,104,HOLO,KRW-HOLO,92.5,37.0,↑,-,0.33,0.98,41.5,-48.7,0.4,0.15,0.23,False,,,,,,
2026-08-29T15:01:56.376177+09:00,105,ARX,KRW-ARX,170.0,37.0,↑,-,0.59,1.19,36.6,-54.4,0.46,0.14,0.23,False,,,,,,
2026-08-29T15:01:56.376177+09:00,106,ONDO,KRW-ONDO,488.0,37.0,↓,-,-1.21,0.0,41.4,-70.6,0.45,0.14,0.23,False,,,,,,
2026-08-29T15:01:56.376177+09:00,107,XPL,KRW-XPL,117.0,37.0,→,-,-0.85,0.86,41.6,-74.0,0.81,0.14,0.15,False,,,,,,
2026-08-29T15:01:56.376177+09:00,108,MIRA,KRW-MIRA,57.5,37.0,↑,-,0.52,0.88,36.4,-53.4,0.49,0.14,0.21,False,,,,,,
2026-08-29T15:01:56.376177+09:00,109,VANA,KRW-VANA,1257.0,37.0,↑,-,0.48,0.16,43.3,-72.3,0.71,0.13,0.15,False,,,,,,
2026-08-29T15:01:56.376177+09:00,110,WLD,KRW-WLD,524.0,37.0,→,-,-0.38,0.38,44.7,-57.1,0.46,0.12,0.18,False,,,,,,
2026-08-29T15:01:56.376177+09:00,111,ARB,KRW-ARB,123.0,37.0,↑,-,0.82,1.65,43.5,-57.1,0.61,0.12,0.14,False,,,,,,
2026-08-29T15:01:56.376177+09:00,112,OP,KRW-OP,125.0,37.0,→,-,0.0,0.81,35.7,-78.9,0.84,0.12,0.13,False,,,,,,
2026-08-29T15:01:56.376177+09:00,113,CARV,KRW-CARV,45.7,37.0,↑,-,1.11,0.66,44.8,-44.3,0.69,0.11,0.13,False,,,,,,
2026-08-29T15:01:56.376177+09:00,114,FLOCK,KRW-FLOCK,44.4,37.0,→,-,-0.45,0.23,43.6,-51.8,0.7,0.11,0.1,False,,,,,,
2026-08-29T15:01:56.376177+09:00,115,FIL,KRW-FIL,954.0,37.0,↑,-,0.21,0.32,36.8,-71.3,0.57,0.1,0.13,False,,,,,,
2026-08-29T15:01:56.376177+09:00,116,SHIB,KRW-SHIB,0.00715,37.0,→,-,-0.56,0.14,40.4,-57.9,0.38,0.1,0.19,False,,,,,,
2026-08-29T15:01:56.376177+09:00,117,ADA,KRW-ADA,278.0,37.0,↓,-,-1.07,0.0,44.3,-67.5,0.43,0.1,0.17,False,,,,,,
2026-08-29T15:01:56.376177+09:00,118,SUI,KRW-SUI,1030.0,37.0,↓,-,-0.1,-0.1,43.2,-67.9,0.52,0.1,0.15,False,,,,,,
2026-08-29T15:01:56.376177+09:00,119,ATOM,KRW-ATOM,2093.0,37.0,→,-,1.7,-0.19,42.5,-62.3,0.51,0.09,0.15,False,,,,,,
2026-08-29T15:01:56.376177+09:00,120,CC,KRW-CC,154.0,37.0,↓,-,-0.65,0.0,43.8,-48.3,0.72,0.09,0.12,False,,,,,,
2026-08-29T15:01:56.376177+09:00,121,IOTA,KRW-IOTA,54.2,37.0,↓,-,-1.81,-0.37,43.2,-59.0,0.46,0.09,0.14,False,,,,,,
2026-08-29T15:01:56.376177+09:00,122,NEAR,KRW-NEAR,2518.0,37.0,→,-,-0.36,0.12,41.2,-57.4,0.45,0.09,0.16,False,,,,,,
2026-08-29T15:01:56.376177+09:00,123,ZK,KRW-ZK,11.5,37.0,↑,-,1.77,1.77,36.4,-65.7,0.54,0.09,0.14,False,,,,,,
2026-08-29T15:01:56.376177+09:00,124,RENDER,KRW-RENDER,1986.0,37.0,↓,-,-1.05,0.0,42.5,-53.3,0.54,0.09,0.11,False,,,,,,
2026-08-29T15:01:56.376177+09:00,125,CYBER,KRW-CYBER,427.0,37.0,↑,-,0.47,0.23,35.8,-73.8,0.38,0.08,0.17,False,,,,,,
2026-08-29T15:01:56.376177+09:00,126,KAT,KRW-KAT,6.19,37.0,↓,-,-0.16,0.0,35.7,-53.1,0.4,0.08,0.11,False,,,,,,
2026-08-29T15:01:56.376177+09:00,127,GAME2,KRW-GAME2,1.06,37.0,→,-,0.0,-0.93,41.8,-45.3,0.62,0.08,0.11,False,,,,,,
2026-08-29T15:01:56.376177+09:00,128,ALGO,KRW-ALGO,120.0,37.0,↓,-,-0.83,0.0,40.3,-66.7,0.36,0.07,0.11,False,,,,,,
2026-08-29T15:01:56.376177+09:00,129,ALT,KRW-ALT,8.73,37.0,↑,-,0.58,0.46,42.1,-65.7,0.77,0.07,0.06,False,,,,,,
2026-08-29T15:01:56.376177+09:00,130,ZKC,KRW-ZKC,54.7,37.0,→,-,0.18,0.0,37.5,-64.4,0.46,0.07,0.12,False,,,,,,
2026-08-29T15:01:56.376177+09:00,131,DOT,KRW-DOT,1170.0,37.0,↓,-,-0.68,-0.43,38.7,-62.6,0.49,0.07,0.09,False,,,,,,
2026-08-29T15:01:56.376177+09:00,132,MEGA,KRW-MEGA,52.4,37.0,→,-,1.16,0.0,40.3,-52.2,0.3,0.07,0.18,False,,,,,,
2026-08-29T15:01:56.376177+09:00,133,IO,KRW-IO,182.0,37.0,↑,-,0.55,1.11,39.6,-48.1,0.5,0.06,0.1,False,,,,,,
2026-08-29T15:01:56.376177+09:00,134,XLM,KRW-XLM,248.0,37.0,↓,-,-0.4,0.0,42.2,-63.0,0.36,0.06,0.12,False,,,,,,
2026-08-29T15:01:56.376177+09:00,135,SENT,KRW-SENT,17.6,37.0,↓,-,0.0,-0.56,35.4,-59.5,0.31,0.06,0.13,False,,,,,,
2026-08-29T15:01:56.376177+09:00,136,ANIME,KRW-ANIME,3.68,37.0,→,-,0.82,0.0,41.0,-61.4,0.71,0.04,0.05,False,,,,,,
2026-08-29T15:01:56.376177+09:00,137,POKT,KRW-POKT,9.97,37.0,↑,-,0.71,0.1,38.5,-46.5,0.33,0.04,0.07,False,,,,,,
2026-08-29T15:01:56.376177+09:00,138,BAT,KRW-BAT,95.3,37.0,→,-,0.21,0.42,38.1,-50.2,0.51,0.03,0.04,False,,,,,,
2026-08-29T15:01:56.376177+09:00,139,AXL,KRW-AXL,56.2,37.0,↑,-,0.72,0.9,41.8,-45.3,0.29,0.02,0.06,False,,,,,,
2026-08-29T15:01:56.376177+09:00,140,AZTEC,KRW-AZTEC,18.8,37.0,↑,-,0.53,0.53,43.7,-50.9,0.56,0.02,0.02,False,,,,,,
2026-08-29T15:01:56.376177+09:00,141,1INCH,KRW-1INCH,122.0,37.0,→,-,0.0,-0.81,44.3,-52.0,0.18,0.01,0.03,False,,,,,,
2026-08-29T15:01:56.376177+09:00,142,SOMI,KRW-SOMI,156.0,36.0,↓,-,-3.11,0.0,52.4,-27.3,0.72,0.25,0.24,False,,,,,,
2026-08-29T15:01:56.376177+09:00,143,ICP,KRW-ICP,3402.0,36.0,→,-,2.62,0.0,51.2,-34.7,0.36,0.14,0.33,False,,,,,,
2026-08-29T15:01:56.376177+09:00,144,ANKR,KRW-ANKR,5.64,36.0,↑,-,2.36,1.44,57.0,-21.4,0.34,0.08,0.18,False,,,,,,
2026-08-29T15:01:56.376177+09:00,145,KITE,KRW-KITE,169.0,35.0,↑,-,1.81,-0.59,53.7,-25.4,1.37,0.16,0.08,True,,,,,,
2026-08-29T15:01:56.376177+09:00,146,DOOD,KRW-DOOD,1.9,35.0,↑,-,2.7,1.06,44.7,-41.4,0.42,0.12,0.22,False,,,,,,
2026-08-29T15:01:56.376177+09:00,147,SEI,KRW-SEI,63.8,35.0,→,-,-0.31,0.31,44.5,-38.1,0.48,0.09,0.13,False,,,,,,
2026-08-29T15:01:56.376177+09:00,148,ASTR,KRW-ASTR,7.75,35.0,→,-,-0.77,-0.39,58.3,-29.0,1.47,0.08,0.04,True,,,,,,
2026-08-29T15:01:56.376177+09:00,149,BARD,KRW-BARD,168.0,35.0,↑,-,1.82,1.2,38.9,-25.0,0.47,0.06,0.08,False,,,,,,
2026-08-29T15:01:56.376177+09:00,150,A,KRW-A,108.0,34.0,↑,-,1.89,0.93,63.5,-19.5,0.86,0.31,0.24,False,,,,,,
2026-08-29T15:01:56.376177+09:00,151,ZETA,KRW-ZETA,47.1,34.0,→,-,0.21,-0.42,50.8,-11.7,0.46,0.26,0.46,False,,,,,,
2026-08-29T15:01:56.376177+09:00,152,ZIL,KRW-ZIL,3.28,34.0,→,-,-0.91,-0.3,44.6,-49.1,1.25,0.25,0.2,True,,,,,,
2026-08-29T15:01:56.376177+09:00,153,CVC,KRW-CVC,28.0,34.0,→,-,1.08,0.0,48.3,-18.7,0.71,0.14,0.15,False,,,,,,
2026-08-29T15:01:56.376177+09:00,154,BTC,KRW-BTC,107775000.0,34.0,↑,-,0.03,0.0,64.3,-19.8,0.52,0.12,0.17,False,,,,,,
2026-08-29T15:01:56.376177+09:00,155,KAITO,KRW-KAITO,444.0,34.0,↑,-,1.6,0.45,41.6,-83.4,0.3,0.1,0.26,False,,,,,,
2026-08-29T15:01:56.376177+09:00,156,HYPER,KRW-HYPER,88.1,34.0,↓,-,-0.11,0.0,36.7,-81.1,0.23,0.09,0.31,False,,,,,,
2026-08-29T15:01:56.376177+09:00,157,ETH,KRW-ETH,3385000.0,34.0,↑,-,0.15,0.03,63.7,-17.6,0.55,0.08,0.1,False,,,,,,
2026-08-29T15:01:56.376177+09:00,158,AXS,KRW-AXS,1248.0,34.0,→,-,-0.64,0.16,40.0,-80.5,0.42,0.08,0.13,False,,,,,,
2026-08-29T15:01:56.376177+09:00,159,OPEN,KRW-OPEN,213.0,34.0,→,-,0.95,0.0,35.2,-85.4,0.47,0.08,0.15,False,,,,,,
2026-08-29T15:01:56.376177+09:00,160,ARDR,KRW-ARDR,28.8,34.0,↑,-,0.0,0.35,41.7,-52.3,1.41,0.07,0.04,True,,,,,,
2026-08-29T15:01:56.376177+09:00,161,SKY,KRW-SKY,93.7,34.0,↑,-,1.08,0.21,55.6,-18.9,0.42,0.06,0.04,False,,,,,,
2026-08-29T15:01:56.376177+09:00,162,FCT2,KRW-FCT2,9.39,34.0,→,-,-1.37,-0.11,40.5,-48.3,1.43,0.06,0.04,True,,,,,,
2026-08-29T15:01:56.376177+09:00,163,IMX,KRW-IMX,179.0,34.0,→,-,1.13,0.0,48.1,-15.8,0.18,0.03,0.1,False,,,,,,
2026-08-29T15:01:56.376177+09:00,164,SLX,KRW-SLX,98.3,33.0,↑,-,1.03,0.1,30.1,-48.6,0.99,0.3,0.25,False,,,,,,
2026-08-29T15:01:56.376177+09:00,165,VET,KRW-VET,9.34,33.0,→,-,-2.51,0.11,69.3,-26.4,1.74,0.13,0.06,True,,,,,,
2026-08-29T15:01:56.376177+09:00,166,WAL,KRW-WAL,33.2,33.0,↑,-,3.11,1.84,39.2,-35.6,0.29,0.12,0.15,False,,,,,,
2026-08-29T15:01:56.376177+09:00,167,RLUSD,KRW-RLUSD,1389.0,33.0,→,-,0.0,0.14,32.0,-50.8,0.18,0.1,0.36,False,,,,,,
2026-08-29T15:01:56.376177+09:00,168,TAIKO,KRW-TAIKO,101.0,33.0,↓,-,0.0,0.0,31.3,-71.8,0.38,0.08,0.14,False,,,,,,
2026-08-29T15:01:56.376177+09:00,169,BOUNTY,KRW-BOUNTY,15.8,33.0,→,-,0.64,0.0,31.0,-43.9,0.63,0.07,0.1,False,,,,,,
2026-08-29T15:01:56.376177+09:00,170,JST,KRW-JST,136.0,33.0,↓,-,0.0,0.0,32.8,-67.9,0.97,0.07,0.07,False,,,,,,
2026-08-29T15:01:56.376177+09:00,171,FF,KRW-FF,128.0,33.0,→,-,1.59,0.0,69.5,-33.8,0.53,0.07,0.05,False,,,,,,
2026-08-29T15:01:56.376177+09:00,172,LA,KRW-LA,76.7,33.0,↑,-,1.05,0.26,33.0,-65.9,0.32,0.07,0.18,False,,,,,,
2026-08-29T15:01:56.376177+09:00,173,USDS,KRW-USDS,1382.0,33.0,→,-,-0.22,0.07,34.7,-72.2,0.14,0.06,0.17,False,,,,,,
2026-08-29T15:01:56.376177+09:00,174,DEEP,KRW-DEEP,19.0,33.0,→,-,0.0,0.53,32.0,-69.1,0.37,0.06,0.12,False,,,,,,
2026-08-29T15:01:56.376177+09:00,175,PUMP,KRW-PUMP,6.41,33.0,↓,-,0.0,0.0,68.7,-28.3,0.24,0.04,0.07,False,,,,,,
2026-08-29T15:01:56.376177+09:00,176,LPT,KRW-LPT,1879.0,33.0,→,-,-0.53,0.21,34.5,-54.4,0.38,0.0,0.01,False,,,,,,
2026-08-29T15:01:56.376177+09:00,177,MOCA,KRW-MOCA,12.1,32.0,↑,-,2.54,0.83,51.0,-15.9,0.97,0.24,0.23,False,,,,,,
2026-08-29T15:01:56.376177+09:00,178,ARKM,KRW-ARKM,159.0,32.0,↑,-,2.58,0.63,52.8,-13.0,0.62,0.21,0.27,False,,,,,,
2026-08-29T15:01:56.376177+09:00,179,UP2,KRW-UP2,74.7,32.0,→,-,-1.19,0.27,62.8,-55.7,1.14,0.18,0.16,True,,,,,,
2026-08-29T15:01:56.376177+09:00,180,CKB,KRW-CKB,1.41,32.0,↑,-,2.17,0.71,55.6,-14.7,0.53,0.09,0.11,False,,,,,,
2026-08-29T15:01:56.376177+09:00,181,QKC,KRW-QKC,2.86,32.0,→,-,-2.05,0.0,44.2,-68.5,1.23,0.07,0.05,True,,,,,,
2026-08-29T15:01:56.376177+09:00,182,STX,KRW-STX,352.0,31.0,↓,-,-2.22,-0.28,70.4,-21.8,0.54,0.24,0.2,False,,,,,,
2026-08-29T15:01:56.376177+09:00,183,SIGN,KRW-SIGN,11.4,30.0,↓,-,0.0,0.0,49.5,-8.0,0.39,0.15,0.22,False,,,,,,
2026-08-29T15:01:56.376177+09:00,184,SAND,KRW-SAND,49.6,30.0,→,-,-0.6,0.4,32.6,-83.7,0.47,0.08,0.13,False,,,,,,
2026-08-29T15:01:56.376177+09:00,185,CAP,KRW-CAP,96.1,30.0,→,-,-1.13,0.52,77.3,-53.4,0.3,0.05,0.1,False,,,,,,
2026-08-29T15:01:56.376177+09:00,186,ICX,KRW-ICX,18.7,29.0,↑,-,1.08,0.54,15.4,-84.9,1.13,0.25,0.21,False,,,,,,
2026-08-29T15:01:56.376177+09:00,187,CBK,KRW-CBK,239.0,29.0,↓,-,-0.83,0.0,45.0,-46.3,1.18,0.13,0.11,True,,,,,,
2026-08-29T15:01:56.376177+09:00,188,SOL,KRW-SOL,144200.0,29.0,↓,-,-0.14,-0.07,71.2,-17.8,0.69,0.13,0.14,False,,,,,,
2026-08-29T15:01:56.376177+09:00,189,KAVA,KRW-KAVA,64.6,26.0,→,-,-0.15,0.16,65.9,-16.0,1.29,0.18,0.13,True,,,,,,
2026-08-29T15:01:56.376177+09:00,190,RVN,KRW-RVN,3.8,25.0,↓,-,-1.04,0.0,33.6,-59.9,1.13,0.33,0.31,True,,,,,,
2026-08-29T15:01:56.376177+09:00,191,EDGE,KRW-EDGE,96.3,25.0,↑,-,1.26,0.52,46.1,-60.1,0.39,0.26,0.62,True,,,,,,
2026-08-29T15:01:56.376177+09:00,192,AI,KRW-AI,27.4,25.0,↑,-,0.74,0.74,27.4,-70.0,0.77,0.24,0.25,False,,,,,,
2026-08-29T15:01:56.376177+09:00,193,DATA,KRW-DATA,255.0,25.0,↑,-,0.79,0.39,25.8,-71.2,0.59,0.2,0.27,False,,,,,,
2026-08-29T15:01:56.376177+09:00,194,IN,KRW-IN,44.7,25.0,→,-,0.9,-0.22,28.6,-65.7,0.45,0.18,0.35,False,,,,,,
2026-08-29T15:01:56.376177+09:00,195,CPOOL,KRW-CPOOL,26.8,25.0,↑,-,1.52,1.9,45.9,-41.5,0.28,0.14,0.29,True,,,,,,
2026-08-29T15:01:56.376177+09:00,196,PUNDIX,KRW-PUNDIX,127.0,25.0,→,-,1.6,0.0,52.5,-50.0,0.31,0.1,0.13,True,,,,,,
2026-08-29T15:01:56.376177+09:00,197,IOST,KRW-IOST,0.817,25.0,→,-,-0.49,0.12,47.1,-46.8,0.42,0.1,0.16,True,,,,,,
2026-08-29T15:01:56.376177+09:00,198,TRUST,KRW-TRUST,71.0,25.0,↑,-,1.0,0.57,49.8,-75.7,0.35,0.1,0.22,True,,,,,,
2026-08-29T15:01:56.376177+09:00,199,MOC,KRW-MOC,23.4,25.0,→,-,-0.85,0.86,46.8,-55.4,0.37,0.1,0.2,True,,,,,,
2026-08-29T15:01:56.376177+09:00,200,BSV,KRW-BSV,23390.0,25.0,→,-,1.56,-0.04,53.5,-42.1,0.33,0.1,0.2,True,,,,,,
2026-08-29T15:01:56.376177+09:00,201,PIEVERSE,KRW-PIEVERSE,1438.0,25.0,↑,-,1.7,0.28,55.4,-41.8,0.27,0.08,0.21,True,,,,,,
2026-08-29T15:01:56.376177+09:00,202,ESP,KRW-ESP,114.0,25.0,↓,-,-1.72,0.0,24.8,-54.0,0.41,0.08,0.11,False,,,,,,
2026-08-29T15:01:56.376177+09:00,203,BCH,KRW-BCH,342100.0,25.0,→,-,-0.55,0.03,51.2,-57.0,0.31,0.07,0.17,True,,,,,,
2026-08-29T15:01:56.376177+09:00,204,CRO,KRW-CRO,79.6,25.0,→,-,-0.13,0.76,52.5,-50.9,0.16,0.07,0.32,True,,,,,,
2026-08-29T15:01:56.376177+09:00,205,BLEND,KRW-BLEND,90.2,25.0,↑,-,0.22,1.12,56.5,-48.0,0.67,0.07,0.04,True,,,,,,
2026-08-29T15:01:56.376177+09:00,206,B3,KRW-B3,0.627,25.0,→,-,-1.72,0.48,46.9,-69.5,0.15,0.06,0.31,True,,,,,,
2026-08-29T15:01:56.376177+09:00,207,AERO,KRW-AERO,674.0,25.0,↓,-,-0.59,0.0,58.2,-48.0,0.22,0.06,0.16,True,,,,,,
2026-08-29T15:01:56.376177+09:00,208,BIRB,KRW-BIRB,78.0,25.0,↓,-,-1.27,0.0,48.7,-61.7,0.5,0.06,0.08,True,,,,,,
2026-08-29T15:01:56.376177+09:00,209,ETC,KRW-ETC,10470.0,25.0,↑,-,0.48,0.48,51.1,-50.6,0.29,0.05,0.11,True,,,,,,
2026-08-29T15:01:56.376177+09:00,210,POL,KRW-POL,148.0,25.0,→,-,-1.33,0.68,60.0,-40.3,0.29,0.05,0.09,True,,,,,,
2026-08-29T15:01:56.376177+09:00,211,SAFE,KRW-SAFE,123.0,25.0,↓,-,0.0,0.0,28.7,-66.7,0.37,0.05,0.09,False,,,,,,
2026-08-29T15:01:56.376177+09:00,212,TOSHI,KRW-TOSHI,0.174,25.0,↑,-,0.58,0.58,50.8,-42.6,0.23,0.05,0.13,True,,,,,,
2026-08-29T15:01:56.376177+09:00,213,MEW,KRW-MEW,0.583,25.0,→,-,1.75,0.0,57.0,-43.0,0.22,0.05,0.14,True,,,,,,
2026-08-29T15:01:56.376177+09:00,214,ZORA,KRW-ZORA,8.49,25.0,→,-,0.47,-0.59,47.2,-50.6,0.24,0.05,0.19,True,,,,,,
2026-08-29T15:01:56.376177+09:00,215,AHT,KRW-AHT,1.28,25.0,↓,-,0.0,-0.78,45.1,-66.7,0.35,0.04,0.11,True,,,,,,
2026-08-29T15:01:56.376177+09:00,216,TREE,KRW-TREE,52.5,25.0,↑,-,0.96,0.57,51.8,-64.1,0.13,0.03,0.16,True,,,,,,
2026-08-29T15:01:56.376177+09:00,217,MVL,KRW-MVL,1.21,25.0,↓,-,0.0,0.0,53.3,-44.6,0.15,0.03,0.11,True,,,,,,
2026-08-29T15:01:56.376177+09:00,218,PYTH,KRW-PYTH,65.9,25.0,→,-,-0.3,0.46,59.6,-53.1,0.44,0.03,0.01,True,,,,,,
2026-08-29T15:01:56.376177+09:00,219,ZAMA,KRW-ZAMA,70.6,25.0,→,-,1.15,-0.14,53.1,-60.5,0.14,0.03,0.11,True,,,,,,
2026-08-29T15:01:56.376177+09:00,220,SPK,KRW-SPK,25.4,25.0,→,-,0.79,0.0,49.5,-51.0,0.49,0.03,0.06,True,,,,,,
2026-08-29T15:01:56.376177+09:00,221,MET2,KRW-MET2,293.0,25.0,→,-,1.38,0.0,48.6,-43.0,0.15,0.03,0.13,True,,,,,,
2026-08-29T15:01:56.376177+09:00,222,XCN,KRW-XCN,4.76,25.0,↑,-,0.85,0.85,48.5,-66.1,0.13,0.03,0.22,True,,,,,,
2026-08-29T15:01:56.376177+09:00,223,XEC,KRW-XEC,0.00965,25.0,↑,-,1.47,1.05,49.5,-58.7,0.21,0.03,0.11,True,,,,,,
2026-08-29T15:01:56.376177+09:00,224,PROS,KRW-PROS,581.0,25.0,→,-,-0.34,0.35,61.4,-50.7,0.17,0.02,0.08,True,,,,,,
2026-08-29T15:01:56.376177+09:00,225,CTC,KRW-CTC,120.0,25.0,↓,-,0.0,0.0,46.4,-44.9,0.14,0.02,0.07,True,,,,,,
2026-08-29T15:01:56.376177+09:00,226,RED,KRW-RED,151.0,25.0,→,-,0.67,0.0,53.4,-55.1,0.09,0.02,0.07,True,,,,,,
2026-08-29T15:01:56.376177+09:00,227,SC,KRW-SC,0.87,25.0,→,-,-0.8,0.12,53.8,-58.3,0.09,0.01,0.05,True,,,,,,
2026-08-29T15:01:56.376177+09:00,228,FLUID,KRW-FLUID,1807.0,25.0,→,-,-0.28,0.56,51.3,-66.6,0.25,0.01,0.0,True,,,,,,
2026-08-29T15:01:56.376177+09:00,229,SUPER,KRW-SUPER,154.0,25.0,↑,-,0.65,0.65,58.4,-53.3,0.15,0.0,0.02,True,,,,,,
2026-08-29T15:01:56.376177+09:00,230,APT,KRW-APT,750.0,23.0,↑,-,0.27,0.67,33.4,-91.3,0.71,0.19,0.22,False,,,,,,
2026-08-29T15:01:56.376177+09:00,231,ENS,KRW-ENS,7775.0,23.0,→,-,-1.14,0.19,56.2,-34.0,0.37,0.15,0.2,True,,,,,,
2026-08-29T15:01:56.376177+09:00,232,BSB,KRW-BSB,143.0,23.0,→,-,2.88,-0.69,25.3,-76.6,0.53,0.14,0.22,False,,,,,,
2026-08-29T15:01:56.376177+09:00,233,META2,KRW-META2,8525.0,23.0,↓,-,-6.52,-0.41,47.6,-54.4,1.17,0.11,0.05,True,,,,,,
2026-08-29T15:01:56.376177+09:00,234,KMNO,KRW-KMNO,36.2,23.0,→,-,0.84,-0.28,53.7,-37.9,0.62,0.11,0.15,True,,,,,,
2026-08-29T15:01:56.376177+09:00,235,ZRX,KRW-ZRX,134.0,23.0,↓,-,-1.47,-0.74,53.7,-22.0,0.27,0.11,0.22,True,,,,,,
2026-08-29T15:01:56.376177+09:00,236,QTUM,KRW-QTUM,1167.0,23.0,→,-,3.0,0.0,55.4,-48.2,0.6,0.09,0.1,True,,,,,,
2026-08-29T15:01:56.376177+09:00,237,JTO,KRW-JTO,669.0,23.0,→,-,0.0,0.6,34.2,-93.2,0.81,0.07,0.08,False,,,,,,
2026-08-29T15:01:56.376177+09:00,238,EUL,KRW-EUL,1917.0,23.0,→,-,0.79,-0.05,22.2,-34.7,0.47,0.06,0.05,False,,,,,,
2026-08-29T15:01:56.376177+09:00,239,MTL,KRW-MTL,323.0,23.0,↑,-,1.25,0.31,48.3,-31.8,0.39,0.06,0.03,True,,,,,,
2026-08-29T15:01:56.376177+09:00,240,POWR,KRW-POWR,65.4,23.0,↑,-,3.81,2.03,55.7,-46.1,0.14,0.05,0.25,True,,,,,,
2026-08-29T15:01:56.376177+09:00,241,ZRO,KRW-ZRO,1474.0,23.0,→,-,-2.58,0.27,60.4,-48.8,0.35,0.05,0.06,True,,,,,,
2026-08-29T15:01:56.376177+09:00,242,BIGTIME,KRW-BIGTIME,9.06,23.0,↑,-,1.46,0.22,52.1,-27.7,0.27,0.05,0.16,True,,,,,,
2026-08-29T15:01:56.376177+09:00,243,WIF,KRW-WIF,280.0,23.0,↓,-,-0.71,0.0,62.8,-34.5,0.25,0.04,0.1,True,,,,,,
2026-08-29T15:01:56.376177+09:00,244,DRV,KRW-DRV,229.0,23.0,→,-,-1.72,0.88,62.5,-34.6,0.52,0.04,0.02,True,,,,,,
2026-08-29T15:01:56.376177+09:00,245,NEO,KRW-NEO,2945.0,23.0,↑,-,0.41,0.58,52.2,-34.1,0.57,0.03,0.03,True,,,,,,
2026-08-29T15:01:56.376177+09:00,246,PENDLE,KRW-PENDLE,2358.0,23.0,↑,-,0.26,0.77,54.8,-38.2,0.19,0.02,0.08,True,,,,,,
2026-08-29T15:01:56.376177+09:00,247,WLFI,KRW-WLFI,81.4,22.0,→,-,1.75,-0.49,50.4,-85.4,0.36,0.14,0.33,True,,,,,,
2026-08-29T15:01:56.376177+09:00,248,SONIC,KRW-SONIC,28.3,22.0,→,-,1.43,0.0,44.5,-40.0,0.43,0.12,0.06,True,,,,,,
2026-08-29T15:01:56.376177+09:00,249,CFG,KRW-CFG,174.0,22.0,→,-,0.58,0.0,28.5,-87.1,0.51,0.11,0.21,False,,,,,,
2026-08-29T15:01:56.376177+09:00,250,WCT,KRW-WCT,52.4,22.0,→,-,-0.19,0.19,40.6,-44.6,0.37,0.08,0.05,True,,,,,,
2026-08-29T15:01:56.376177+09:00,251,PROVE,KRW-PROVE,233.0,22.0,↓,-,0.0,0.0,37.7,-55.4,0.31,0.07,0.14,True,,,,,,
2026-08-29T15:01:56.376177+09:00,252,HIVE,KRW-HIVE,59.5,22.0,→,-,-0.83,0.17,36.8,-45.5,0.43,0.05,0.08,True,,,,,,
2026-08-29T15:01:56.376177+09:00,253,GMT,KRW-GMT,9.65,22.0,→,-,0.0,0.31,39.9,-56.9,0.34,0.05,0.09,True,,,,,,
2026-08-29T15:01:56.376177+09:00,254,BERA,KRW-BERA,235.0,22.0,→,-,0.43,0.0,41.1,-66.7,0.26,0.05,0.13,True,,,,,,
2026-08-29T15:01:56.376177+09:00,255,SUN,KRW-SUN,23.5,22.0,→,-,0.43,-0.42,23.3,-83.3,0.57,0.05,0.09,False,,,,,,
2026-08-29T15:01:56.376177+09:00,256,IQ,KRW-IQ,0.928,22.0,→,-,-0.22,0.43,37.9,-71.6,0.22,0.03,0.1,True,,,,,,
2026-08-29T15:01:56.376177+09:00,257,MBL,KRW-MBL,0.896,22.0,↑,-,0.22,0.22,44.6,-64.8,0.12,0.03,0.09,True,,,,,,
2026-08-29T15:01:56.376177+09:00,258,GEOD,KRW-GEOD,306.0,22.0,→,-,0.33,0.0,37.9,-72.4,0.19,0.02,0.07,True,,,,,,
2026-08-29T15:01:56.376177+09:00,259,BIO,KRW-BIO,38.8,22.0,↑,-,0.52,0.52,42.5,-63.5,0.15,0.02,0.11,True,,,,,,
2026-08-29T15:01:56.376177+09:00,260,AUCTION,KRW-AUCTION,4416.0,22.0,↑,-,0.09,0.59,44.3,-43.2,0.31,0.02,0.05,True,,,,,,
2026-08-29T15:01:56.376177+09:00,261,SPX,KRW-SPX,749.0,21.0,↑,-,3.03,0.67,61.9,-32.4,0.69,0.1,0.06,True,,,,,,
2026-08-29T15:01:56.376177+09:00,262,ELF,KRW-ELF,90.1,21.0,→,-,-2.59,0.11,56.6,-22.8,0.25,0.09,0.31,True,,,,,,
2026-08-29T15:01:56.376177+09:00,263,RAY,KRW-RAY,1085.0,21.0,↓,-,-3.12,-0.09,56.9,-32.1,0.3,0.06,0.13,True,,,,,,
2026-08-29T15:01:56.376177+09:00,264,SOON,KRW-SOON,296.0,20.0,↑,-,4.96,0.34,67.2,-7.1,0.42,0.29,0.4,False,,,,,,
2026-08-29T15:01:56.376177+09:00,265,LSK,KRW-LSK,144.0,20.0,↑,-,4.35,0.7,60.8,-40.9,0.69,0.17,0.06,True,,,,,,
2026-08-29T15:01:56.376177+09:00,266,NEWT,KRW-NEWT,57.6,20.0,→,-,2.49,-0.17,44.5,-50.0,0.23,0.1,0.35,True,,,,,,
2026-08-29T15:01:56.376177+09:00,267,TRAC,KRW-TRAC,485.0,20.0,↑,-,5.9,0.21,58.3,-64.5,0.1,0.05,0.28,True,,,,,,
2026-08-29T15:01:56.376177+09:00,268,STEEM,KRW-STEEM,63.7,19.0,↑,-,0.47,0.47,58.2,-12.5,0.4,0.04,0.07,True,,,,,,
2026-08-29T15:01:56.376177+09:00,269,MOVE,KRW-MOVE,13.2,18.0,↑,-,5.6,1.54,50.8,-23.7,0.32,0.14,0.17,True,,,,,,
2026-08-29T15:01:56.376177+09:00,270,WAVES,KRW-WAVES,295.0,18.0,↑,-,0.34,0.34,34.9,-61.5,0.17,0.02,0.08,True,,,,,,
2026-08-29T15:01:56.376177+09:00,271,MASK,KRW-MASK,616.0,17.0,↑,-,2.16,0.65,55.7,-14.1,0.39,0.04,0.02,True,,,,,,
2026-08-29T15:01:56.376177+09:00,272,BABY,KRW-BABY,17.4,16.0,→,-,1.75,0.0,44.1,-13.0,0.29,0.11,0.3,True,,,,,,
2026-08-29T15:01:56.376177+09:00,273,SNT,KRW-SNT,10.0,15.0,↑,-,9.17,-0.99,57.7,-19.5,0.3,0.59,0.59,True,,,,,,
2026-08-29T15:01:56.376177+09:00,274,EGLD,KRW-EGLD,4912.0,14.0,↑,-,1.11,0.18,65.2,-13.2,0.25,0.02,0.04,True,,,,,,
2026-08-29T15:01:56.376177+09:00,275,GLM,KRW-GLM,157.0,10.0,↓,-,-1.26,-0.63,69.9,-9.5,0.31,0.1,0.12,True,,,,,,
2026-08-29T15:01:56.376177+09:00,276,GRVT,KRW-GRVT,242.0,10.0,→,-,5.68,0.0,18.0,-90.2,0.23,0.1,0.5,False,,,,,,
2026-08-29T15:01:56.376177+09:00,277,TRUMP,KRW-TRUMP,4080.0,9.0,→,-,7.62,-1.73,74.1,-31.0,0.89,0.66,0.77,True,,,,,,
2026-08-29T15:01:56.376177+09:00,278,TT,KRW-TT,0.258,8.0,→,-,-7.53,-0.39,8.1,-98.0,1.48,0.48,0.43,True,,,,,,
2026-08-29T15:01:56.376177+09:00,279,PRL,KRW-PRL,257.0,8.0,→,-,-1.15,0.78,33.8,-99.3,0.14,0.03,0.23,True,,,,,,
2026-08-29T15:01:56.376177+09:00,280,STORJ,KRW-STORJ,55.7,7.0,→,-,-0.36,0.18,26.4,-89.4,0.24,0.02,0.07,True,,,,,,
2026-08-29T15:01:56.376177+09:00,281,WET,KRW-WET,83.5,0.0,→,-,-0.36,0.12,25.4,-95.3,0.42,0.1,0.19,True,,,,,,
2026-08-29T15:09:17.439550+09:00,1,MANTRA,KRW-MANTRA,7.61,74.0,↑↑,-,10.61,-1.17,52.8,-45.3,3.4,2.94,1.07,False,1.0,74.0,0.0,0.0,False,-
2026-08-29T15:09:17.439550+09:00,2,META,KRW-META,10.0,73.0,→,-,-2.91,0.0,45.1,-57.3,1.77,1.92,1.1,False,2.0,73.0,0.0,0.0,False,-
2026-08-29T15:09:17.439550+09:00,3,O,KRW-O,700.0,64.0,↑,-,11.46,-0.99,59.7,-35.6,1.19,2.88,6.72,False,3.0,64.0,0.0,0.0,False,-
2026-08-29T15:09:17.439550+09:00,4,QUID,KRW-QUID,94.2,63.0,↑,-,6.92,-0.74,19.8,-79.1,1.3,3.19,8.76,False,4.0,63.0,0.0,0.0,False,-
2026-08-29T15:09:17.439550+09:00,5,ERA,KRW-ERA,79.3,63.0,↑,-,1.02,-0.75,27.1,-75.3,1.23,2.13,1.88,False,5.0,63.0,0.0,0.0,False,-
2026-08-29T15:09:17.439550+09:00,6,VTHO,KRW-VTHO,0.557,63.0,↑,-,0.91,0.72,56.7,-21.2,1.11,1.25,1.24,False,6.0,63.0,0.0,0.0,False,-
2026-08-29T15:09:17.439550+09:00,7,KNC,KRW-KNC,170.0,61.0,↑,-,5.59,0.59,56.1,-5.9,1.03,2.02,3.91,False,8.0,50.0,11.0,1.0,False,🚀
2026-08-29T15:09:17.439550+09:00,8,CHIP,KRW-CHIP,59.7,53.0,↑,-,3.29,-1.16,67.2,-20.0,1.79,1.04,0.56,False,10.0,50.0,3.0,2.0,False,-
2026-08-29T15:09:17.439550+09:00,9,MNT,KRW-MNT,701.0,52.0,→,-,-0.28,-0.43,54.9,-56.5,1.44,0.12,0.08,False,7.0,52.0,0.0,-2.0,False,-
2026-08-29T15:09:17.439550+09:00,10,SKR,KRW-SKR,14.3,50.0,↑↑,-,10.85,2.14,61.8,-42.9,3.63,1.73,0.55,True,11.0,50.0,0.0,1.0,False,-
2026-08-29T15:09:17.439550+09:00,11,HOME,KRW-HOME,8.52,50.0,→,-,1.19,-0.47,24.0,-78.2,0.72,1.69,2.62,False,9.0,50.0,0.0,-2.0,False,-
2026-08-29T15:09:17.439550+09:00,12,ORBS,KRW-ORBS,8.53,50.0,→,-,-4.16,-0.12,48.8,-44.6,3.22,0.73,0.24,True,12.0,50.0,0.0,0.0,False,-
2026-08-29T15:09:17.439550+09:00,13,MLK,KRW-MLK,49.2,50.0,↑,-,-1.99,0.41,51.0,-68.5,3.09,0.06,0.02,True,14.0,48.0,2.0,1.0,False,-
2026-08-29T15:09:17.439550+09:00,14,BEAM,KRW-BEAM,2.25,48.0,↑,-,2.27,-0.44,49.9,-64.1,3.25,0.15,0.05,True,13.0,48.0,0.0,-1.0,False,-
2026-08-29T15:09:17.439550+09:00,15,KERNEL,KRW-KERNEL,53.4,46.0,↑,-,1.33,-0.19,51.3,-65.1,2.56,0.15,0.05,True,15.0,46.0,0.0,0.0,False,-
2026-08-29T15:09:17.439550+09:00,16,BLAST,KRW-BLAST,0.392,46.0,↑,-,-0.76,0.51,50.5,-43.3,2.06,0.06,0.03,True,16.0,46.0,0.0,0.0,False,-
2026-08-29T15:09:17.439550+09:00,17,0G,KRW-0G,228.0,45.0,↓,-,-0.44,0.0,54.9,-42.4,0.74,0.7,0.96,False,17.0,45.0,0.0,0.0,False,-
2026-08-29T15:09:17.439550+09:00,18,BONK,KRW-BONK,0.0042,45.0,→,-,0.96,-0.47,48.4,-53.4,0.18,0.22,1.0,False,34.0,40.0,5.0,16.0,False,🚀
2026-08-29T15:09:17.439550+09:00,19,WAXP,KRW-WAXP,5.97,44.0,→,-,-1.32,-0.17,48.3,-39.7,2.44,0.38,0.16,True,19.0,44.0,0.0,0.0,False,-
2026-08-29T15:09:17.439550+09:00,20,ORDER,KRW-ORDER,45.9,44.0,↑,-,-0.86,0.44,46.0,-34.2,2.4,0.15,0.06,True,20.0,44.0,0.0,0.0,False,-
2026-08-29T15:09:17.439550+09:00,21,MINA,KRW-MINA,88.4,43.0,↑,-,4.99,0.68,70.6,-27.2,2.45,0.98,0.42,True,21.0,43.0,0.0,0.0,False,-
2026-08-29T15:09:17.439550+09:00,22,HP,KRW-HP,9.86,43.0,→,-,-0.2,-0.1,41.3,-51.2,2.01,0.13,0.06,True,23.0,43.0,0.0,1.0,False,-
2026-08-29T15:09:17.439550+09:00,23,TOKAMAK,KRW-TOKAMAK,421.0,43.0,↑,-,-0.24,0.72,41.3,-57.2,2.1,0.06,0.03,True,24.0,43.0,0.0,1.0,False,-
2026-08-29T15:09:17.439550+09:00,24,XTZ,KRW-XTZ,308.0,42.0,→,-,0.98,-0.32,41.3,-54.8,0.78,0.57,0.87,False,25.0,42.0,0.0,1.0,False,-
2026-08-29T15:09:17.439550+09:00,25,SYRUP,KRW-SYRUP,244.0,42.0,↓,-,-0.81,-0.41,43.8,-63.2,0.8,0.53,0.7,False,26.0,42.0,0.0,1.0,False,-
2026-08-29T15:09:17.439550+09:00,26,SOPH,KRW-SOPH,5.39,42.0,↑,-,3.65,-0.55,42.6,-55.7,1.91,0.4,0.21,True,92.0,37.0,5.0,66.0,False,🚀
2026-08-29T15:09:17.439550+09:00,27,SAHARA,KRW-SAHARA,11.7,42.0,→,-,1.74,-0.85,41.8,-43.2,0.89,0.4,0.43,False,67.0,38.0,4.0,40.0,False,🚀
2026-08-29T15:09:17.439550+09:00,28,TFUEL,KRW-TFUEL,12.4,42.0,↓,-,-5.34,-1.59,53.1,-41.4,1.1,0.27,0.22,False,22.0,43.0,-1.0,-6.0,False,-
2026-08-29T15:09:17.439550+09:00,29,OPG,KRW-OPG,126.0,40.0,→,-,4.13,-0.79,34.3,-69.2,1.06,0.49,0.54,False,18.0,44.0,-4.0,-11.0,False,-
2026-08-29T15:09:17.439550+09:00,30,DKA,KRW-DKA,4.86,40.0,→,-,-2.41,0.0,41.8,-38.8,1.79,0.44,0.24,True,27.0,40.0,0.0,-3.0,False,-
2026-08-29T15:09:17.439550+09:00,31,ONG,KRW-ONG,163.0,40.0,↓,-,0.0,-0.61,63.1,-45.5,0.79,0.28,0.16,False,29.0,40.0,0.0,-2.0,False,-
2026-08-29T15:09:17.439550+09:00,32,ENA,KRW-ENA,224.0,40.0,↓,-,-0.44,-2.18,66.3,-25.9,1.05,0.27,0.23,False,31.0,40.0,0.0,-1.0,False,-
2026-08-29T15:09:17.439550+09:00,33,XAUT,KRW-XAUT,6190000.0,40.0,↑,-,0.08,0.15,50.7,-66.1,0.65,0.25,0.3,False,32.0,40.0,0.0,-1.0,False,-
2026-08-29T15:09:17.439550+09:00,34,G,KRW-G,5.29,40.0,↓,-,-0.38,0.0,45.9,-77.8,0.61,0.22,0.31,False,33.0,40.0,0.0,-1.0,False,-
2026-08-29T15:09:17.439550+09:00,35,GAS,KRW-GAS,1764.0,40.0,↓,-,-1.56,-0.51,60.1,-49.0,0.9,0.21,0.16,False,36.0,40.0,0.0,1.0,False,-
2026-08-29T15:09:17.439550+09:00,36,W,KRW-W,12.8,40.0,→,-,0.79,0.0,45.2,-52.8,0.63,0.2,0.11,False,35.0,40.0,0.0,-1.0,False,-
2026-08-29T15:09:17.439550+09:00,37,T,KRW-T,5.09,40.0,→,-,0.2,-0.2,50.2,-50.8,0.61,0.16,0.22,False,37.0,40.0,0.0,0.0,False,-
2026-08-29T15:09:17.439550+09:00,38,USDC,KRW-USDC,1387.0,40.0,→,-,0.14,-0.07,46.2,-51.6,0.61,0.15,0.18,False,38.0,40.0,0.0,0.0,False,-
2026-08-29T15:09:17.439550+09:00,39,ATH,KRW-ATH,6.61,40.0,→,-,1.23,-0.45,49.5,-43.1,0.36,0.14,0.25,False,39.0,40.0,0.0,0.0,False,-
2026-08-29T15:09:17.439550+09:00,40,INJ,KRW-INJ,7060.0,40.0,↓,-,-1.12,-0.28,46.2,-47.0,0.43,0.14,0.23,False,40.0,40.0,0.0,0.0,False,-
2026-08-29T15:09:17.439550+09:00,41,USDT,KRW-USDT,1389.0,40.0,↑,-,0.29,0.07,47.1,-49.2,0.54,0.12,0.15,False,43.0,40.0,0.0,2.0,False,-
2026-08-29T15:09:17.439550+09:00,42,AGLD,KRW-AGLD,230.0,40.0,↓,-,-0.86,-0.86,52.3,-58.7,0.45,0.12,0.17,False,41.0,40.0,0.0,-1.0,False,-
2026-08-29T15:09:17.439550+09:00,43,HBAR,KRW-HBAR,104.0,40.0,↓,-,-1.89,-0.95,46.2,-55.6,0.47,0.11,0.18,False,44.0,40.0,0.0,1.0,False,-
2026-08-29T15:09:17.439550+09:00,44,NXPC,KRW-NXPC,293.0,40.0,→,-,0.34,0.0,55.0,-48.4,0.55,0.1,0.14,False,45.0,40.0,0.0,1.0,False,-
2026-08-29T15:09:17.439550+09:00,45,AWE,KRW-AWE,86.9,40.0,→,-,-0.57,0.23,47.8,-62.5,0.62,0.1,0.11,False,46.0,40.0,0.0,1.0,False,-
2026-08-29T15:09:17.439550+09:00,46,AVAX,KRW-AVAX,10110.0,40.0,↓,-,-0.3,-0.3,47.7,-49.4,0.38,0.1,0.19,False,47.0,40.0,0.0,1.0,False,-
2026-08-29T15:09:17.439550+09:00,47,MORPHO,KRW-MORPHO,3313.0,40.0,↓,-,-1.4,-0.09,54.6,-56.3,0.5,0.1,0.15,False,48.0,40.0,0.0,1.0,False,-
2026-08-29T15:09:17.439550+09:00,48,USD1,KRW-USD1,1389.0,40.0,↑,-,0.14,0.07,46.6,-61.4,0.2,0.09,0.32,False,49.0,40.0,0.0,1.0,False,-
2026-08-29T15:09:17.439550+09:00,49,DOGE,KRW-DOGE,118.0,40.0,↓,-,-0.84,0.0,51.3,-50.5,0.37,0.09,0.18,False,50.0,40.0,0.0,1.0,False,-
2026-08-29T15:09:17.439550+09:00,50,VIRTUAL,KRW-VIRTUAL,951.0,40.0,↓,-,-1.45,-0.31,50.1,-53.1,0.47,0.09,0.13,False,51.0,40.0,0.0,1.0,False,-
2026-08-29T15:09:17.439550+09:00,51,ID,KRW-ID,43.3,40.0,↓,-,0.0,-0.46,49.4,-43.4,0.69,0.09,0.1,False,52.0,40.0,0.0,1.0,False,-
2026-08-29T15:09:17.439550+09:00,52,CFX,KRW-CFX,63.5,40.0,→,-,0.47,-0.16,56.4,-57.4,0.23,0.09,0.22,False,53.0,40.0,0.0,1.0,False,-
2026-08-29T15:09:17.439550+09:00,53,POLYX,KRW-POLYX,48.5,40.0,↑,-,0.62,-0.61,45.9,-30.7,1.52,0.09,0.06,True,54.0,40.0,0.0,1.0,False,-
2026-08-29T15:09:17.439550+09:00,54,PEPE,KRW-PEPE,0.00506,40.0,↓,-,-1.36,-0.2,54.7,-44.6,0.34,0.08,0.16,False,57.0,40.0,0.0,3.0,False,-
2026-08-29T15:09:17.439550+09:00,55,THETA,KRW-THETA,243.0,40.0,→,-,0.83,0.0,56.3,-41.8,0.34,0.08,0.2,False,55.0,40.0,0.0,0.0,False,-
2026-08-29T15:09:17.439550+09:00,56,GRT,KRW-GRT,23.1,40.0,→,-,-0.43,0.87,49.1,-42.4,0.27,0.08,0.18,False,56.0,40.0,0.0,0.0,False,-
2026-08-29T15:09:17.439550+09:00,57,XRP,KRW-XRP,1918.0,40.0,→,-,0.05,-0.52,59.1,-44.0,0.38,0.07,0.12,False,58.0,40.0,0.0,1.0,False,-
2026-08-29T15:09:17.439550+09:00,58,MOODENG,KRW-MOODENG,58.7,40.0,→,-,0.34,-1.18,47.5,-60.2,0.2,0.07,0.23,False,63.0,40.0,0.0,5.0,False,-
2026-08-29T15:09:17.439550+09:00,59,ONT,KRW-ONT,78.8,40.0,→,-,0.13,-0.13,59.9,-52.0,0.57,0.07,0.05,False,59.0,40.0,0.0,0.0,False,-
2026-08-29T15:09:17.439550+09:00,60,ETHFI,KRW-ETHFI,740.0,40.0,↓,-,-0.27,-0.13,51.7,-67.8,0.26,0.06,0.18,False,60.0,40.0,0.0,0.0,False,-
2026-08-29T15:09:17.439550+09:00,61,COW,KRW-COW,169.0,40.0,↑,-,0.0,0.0,48.4,-59.0,0.19,0.06,0.06,False,61.0,40.0,0.0,0.0,False,-
2026-08-29T15:09:17.439550+09:00,62,RE,KRW-RE,707.0,40.0,↓,-,-0.84,-0.28,47.6,-49.4,0.24,0.06,0.12,False,62.0,40.0,0.0,0.0,False,-
2026-08-29T15:09:17.439550+09:00,63,YGG,KRW-YGG,31.3,40.0,→,-,0.32,0.0,54.4,-49.4,0.34,0.04,0.09,False,64.0,40.0,0.0,1.0,False,-
2026-08-29T15:09:17.439550+09:00,64,USDE,KRW-USDE,1390.0,40.0,→,-,0.29,-0.22,48.9,-48.6,0.38,0.0,0.01,False,65.0,40.0,0.0,1.0,False,-
2026-08-29T15:09:17.439550+09:00,65,BORA,KRW-BORA,29.9,39.0,→,-,-0.33,0.0,39.8,-43.2,1.52,0.07,0.04,True,66.0,39.0,0.0,1.0,False,-
2026-08-29T15:09:17.439550+09:00,66,MMT,KRW-MMT,232.0,38.0,→,-,2.2,0.0,50.4,-70.7,0.42,0.32,0.71,False,28.0,40.0,-2.0,-38.0,False,-
2026-08-29T15:09:17.439550+09:00,67,BTT,KRW-BTT,0.000405,38.0,→,-,1.5,0.0,53.4,-28.8,0.63,0.31,0.37,False,68.0,38.0,0.0,1.0,False,-
2026-08-29T15:09:17.439550+09:00,68,PLUME,KRW-PLUME,19.3,38.0,↓,-,-2.03,-0.52,50.3,-47.1,0.5,0.28,0.38,False,30.0,40.0,-2.0,-38.0,False,-
2026-08-29T15:09:17.439550+09:00,69,F,KRW-F,4.42,38.0,→,-,0.23,0.0,45.8,-31.4,0.89,0.21,0.2,False,69.0,38.0,0.0,0.0,False,-
2026-08-29T15:09:17.439550+09:00,70,BLUR,KRW-BLUR,22.5,38.0,→,-,0.45,0.0,48.2,-25.0,0.44,0.21,0.3,False,70.0,38.0,0.0,0.0,False,-
2026-08-29T15:09:17.439550+09:00,71,2Z,KRW-2Z,78.3,38.0,↑,-,0.77,0.64,46.0,-33.3,0.58,0.19,0.32,False,71.0,38.0,0.0,0.0,False,-
2026-08-29T15:09:17.439550+09:00,72,ENSO,KRW-ENSO,1190.0,38.0,↓,-,-1.24,-1.57,53.7,-31.1,0.78,0.18,0.17,False,72.0,38.0,0.0,0.0,False,-
2026-08-29T15:09:17.439550+09:00,73,JUP,KRW-JUP,306.0,38.0,↓,-,0.0,-0.65,55.6,-30.3,0.95,0.16,0.12,False,73.0,38.0,0.0,0.0,False,-
2026-08-29T15:09:17.439550+09:00,74,VVV,KRW-VVV,22200.0,38.0,→,-,-0.36,0.86,52.8,-39.4,0.31,0.16,0.38,False,74.0,38.0,0.0,0.0,False,-
2026-08-29T15:09:17.439550+09:00,75,CELO,KRW-CELO,102.0,38.0,↓,-,-1.92,-0.97,48.3,-29.5,0.41,0.13,0.21,False,75.0,38.0,0.0,0.0,False,-
2026-08-29T15:09:17.439550+09:00,76,AAVE,KRW-AAVE,168600.0,38.0,↓,-,-0.24,-0.06,58.0,-38.5,0.44,0.12,0.2,False,76.0,38.0,0.0,0.0,False,-
2026-08-29T15:09:17.439550+09:00,77,TAO,KRW-TAO,327300.0,38.0,↓,-,-0.33,-0.12,52.6,-33.8,0.93,0.12,0.11,False,77.0,38.0,0.0,0.0,False,-
2026-08-29T15:09:17.439550+09:00,78,STRAX,KRW-STRAX,13.3,38.0,↑,-,1.53,0.76,47.4,-24.0,0.58,0.12,0.14,False,78.0,38.0,0.0,0.0,False,-
2026-08-29T15:09:17.439550+09:00,79,LAYER,KRW-LAYER,96.2,38.0,↓,-,-0.41,-0.31,50.2,-29.9,0.53,0.11,0.15,False,79.0,38.0,0.0,0.0,False,-
2026-08-29T15:09:17.439550+09:00,80,MON,KRW-MON,38.1,38.0,↓,-,0.0,-0.78,53.8,-38.0,0.38,0.11,0.24,False,80.0,38.0,0.0,0.0,False,-
2026-08-29T15:09:17.439550+09:00,81,HUNT,KRW-HUNT,119.0,38.0,→,-,0.0,0.85,48.9,-21.7,0.49,0.1,0.16,False,81.0,38.0,0.0,0.0,False,-
2026-08-29T15:09:17.439550+09:00,82,ARK,KRW-ARK,153.0,38.0,→,-,-1.29,0.66,51.5,-29.8,0.73,0.1,0.05,False,82.0,38.0,0.0,0.0,False,-
2026-08-29T15:09:17.439550+09:00,83,LINEA,KRW-LINEA,3.42,38.0,→,-,0.59,-0.29,53.4,-35.4,0.84,0.1,0.08,False,86.0,38.0,0.0,3.0,False,-
2026-08-29T15:09:17.439550+09:00,84,ORCA,KRW-ORCA,1752.0,38.0,↓,-,-0.11,-0.06,57.8,-22.6,0.43,0.1,0.16,False,83.0,38.0,0.0,-1.0,False,-
2026-08-29T15:09:17.439550+09:00,85,PENGU,KRW-PENGU,12.7,38.0,↓,-,0.0,-0.78,60.1,-30.2,0.38,0.09,0.15,False,84.0,38.0,0.0,-1.0,False,-
2026-08-29T15:09:17.439550+09:00,86,UNI,KRW-UNI,6150.0,38.0,→,-,0.33,0.0,54.8,-25.1,0.46,0.09,0.14,False,85.0,38.0,0.0,-1.0,False,-
2026-08-29T15:09:17.439550+09:00,87,MANA,KRW-MANA,103.0,38.0,↓,-,0.0,0.0,50.8,-36.6,0.46,0.09,0.14,False,87.0,38.0,0.0,0.0,False,-
2026-08-29T15:09:17.439550+09:00,88,ANKR,KRW-ANKR,5.62,38.0,→,-,2.0,-0.35,56.4,-22.9,0.34,0.08,0.19,False,144.0,36.0,2.0,56.0,False,🚀
2026-08-29T15:09:17.439550+09:00,89,LINK,KRW-LINK,15740.0,38.0,↓,-,-0.69,-0.25,57.9,-37.9,0.44,0.08,0.13,False,88.0,38.0,0.0,-1.0,False,-
2026-08-29T15:09:17.439550+09:00,90,USDG,KRW-USDG,1385.0,38.0,→,-,0.22,-1.21,57.5,-32.3,0.31,0.06,0.18,False,89.0,38.0,0.0,-1.0,False,-
2026-08-29T15:09:17.439550+09:00,91,API3,KRW-API3,316.0,38.0,↑,-,0.32,0.96,50.9,-30.6,0.7,0.05,0.05,False,90.0,38.0,0.0,-1.0,False,-
2026-08-29T15:09:17.439550+09:00,92,MED,KRW-MED,1.99,38.0,↓,-,0.0,0.0,56.3,-28.3,0.36,0.04,0.07,False,91.0,38.0,0.0,-1.0,False,-
2026-08-29T15:09:17.439550+09:00,93,ZKP,KRW-ZKP,60.4,37.0,→,-,1.0,0.0,39.6,-41.4,0.92,0.35,0.31,False,93.0,37.0,0.0,0.0,False,-
2026-08-29T15:09:17.439550+09:00,94,BREV,KRW-BREV,100.0,37.0,→,-,0.81,0.0,39.7,-42.5,0.6,0.32,0.4,False,94.0,37.0,0.0,0.0,False,-
2026-08-29T15:09:17.439550+09:00,95,ME,KRW-ME,85.2,37.0,↑,-,1.07,0.12,37.5,-62.2,0.59,0.24,0.38,False,95.0,37.0,0.0,0.0,False,-
2026-08-29T15:09:17.439550+09:00,96,AKT,KRW-AKT,724.0,37.0,→,-,1.26,0.0,41.4,-64.7,0.57,0.23,0.33,False,96.0,37.0,0.0,0.0,False,-
2026-08-29T15:09:17.439550+09:00,97,ELSA,KRW-ELSA,63.7,37.0,↑,-,0.63,0.63,40.5,-41.6,0.54,0.22,0.34,False,97.0,37.0,0.0,0.0,False,-
2026-08-29T15:09:17.439550+09:00,98,ZBT,KRW-ZBT,110.0,37.0,→,-,-0.9,-0.9,43.3,-61.9,0.83,0.22,0.22,False,98.0,37.0,0.0,0.0,False,-
2026-08-29T15:09:17.439550+09:00,99,COMP,KRW-COMP,25350.0,37.0,→,-,0.48,-0.04,43.4,-62.7,0.62,0.19,0.32,False,99.0,37.0,0.0,0.0,False,-
2026-08-29T15:09:17.439550+09:00,100,TIA,KRW-TIA,475.0,37.0,↑,-,0.42,0.21,41.1,-63.3,0.45,0.17,0.28,False,100.0,37.0,0.0,0.0,False,-
2026-08-29T15:09:17.439550+09:00,101,TRX,KRW-TRX,470.0,37.0,↓,-,-0.84,-0.21,42.0,-44.8,0.56,0.16,0.23,False,101.0,37.0,0.0,0.0,False,-
2026-08-29T15:09:17.439550+09:00,102,CHZ,KRW-CHZ,19.2,37.0,↑,-,1.05,0.52,39.3,-47.2,0.61,0.16,0.22,False,102.0,37.0,0.0,0.0,False,-
2026-08-29T15:09:17.439550+09:00,103,IRYS,KRW-IRYS,18.6,37.0,↓,-,-1.06,-0.53,51.3,-86.2,0.55,0.16,0.24,False,103.0,37.0,0.0,0.0,False,-
2026-08-29T15:09:17.439550+09:00,104,HOLO,KRW-HOLO,91.6,37.0,↓,-,-0.65,-0.97,40.7,-51.3,0.4,0.16,0.24,False,104.0,37.0,0.0,0.0,False,-
2026-08-29T15:09:17.439550+09:00,105,XPL,KRW-XPL,116.0,37.0,↓,-,-1.69,-0.85,41.1,-76.0,0.81,0.15,0.15,False,107.0,37.0,0.0,2.0,False,-
2026-08-29T15:09:17.439550+09:00,106,ARX,KRW-ARX,168.0,37.0,↓,-,-0.59,0.0,35.7,-57.9,0.46,0.14,0.23,False,105.0,37.0,0.0,-1.0,False,-
2026-08-29T15:09:17.439550+09:00,107,ONDO,KRW-ONDO,487.0,37.0,↓,-,-1.42,-0.2,41.2,-71.3,0.45,0.14,0.24,False,106.0,37.0,0.0,-1.0,False,-
2026-08-29T15:09:17.439550+09:00,108,MIRA,KRW-MIRA,57.2,37.0,↓,-,0.0,-0.52,35.6,-55.9,0.49,0.14,0.21,False,108.0,37.0,0.0,0.0,False,-
2026-08-29T15:09:17.439550+09:00,109,ARB,KRW-ARB,123.0,37.0,→,-,0.82,0.0,43.5,-57.1,0.62,0.13,0.14,False,111.0,37.0,0.0,2.0,False,-
2026-08-29T15:09:17.439550+09:00,110,AVNT,KRW-AVNT,138.0,37.0,↓,-,0.0,-0.72,44.6,-51.1,0.32,0.13,0.26,False,42.0,40.0,-3.0,-68.0,False,-
2026-08-29T15:09:17.439550+09:00,111,VANA,KRW-VANA,1257.0,37.0,↑,-,0.48,0.16,43.3,-72.3,0.71,0.13,0.15,False,109.0,37.0,0.0,-2.0,False,-
2026-08-29T15:09:17.439550+09:00,112,WLD,KRW-WLD,524.0,37.0,↓,-,-0.38,0.0,44.7,-57.1,0.46,0.12,0.19,False,110.0,37.0,0.0,-2.0,False,-
2026-08-29T15:09:17.439550+09:00,113,OP,KRW-OP,125.0,37.0,→,-,0.0,0.81,35.7,-78.9,0.84,0.12,0.13,False,112.0,37.0,0.0,-1.0,False,-
2026-08-29T15:09:17.439550+09:00,114,FLOCK,KRW-FLOCK,44.2,37.0,↓,-,-0.9,-0.23,43.2,-53.5,0.7,0.12,0.1,False,114.0,37.0,0.0,0.0,False,-
2026-08-29T15:09:17.439550+09:00,115,CARV,KRW-CARV,45.7,37.0,↑,-,1.11,0.66,44.8,-44.3,0.69,0.11,0.13,False,113.0,37.0,0.0,-2.0,False,-
2026-08-29T15:09:17.439550+09:00,116,FIL,KRW-FIL,952.0,37.0,↓,-,0.0,-0.21,36.5,-72.0,0.58,0.11,0.14,False,115.0,37.0,0.0,-1.0,False,-
2026-08-29T15:09:17.439550+09:00,117,SHIB,KRW-SHIB,0.00712,37.0,↓,-,-0.97,-0.42,40.0,-59.2,0.39,0.11,0.2,False,116.0,37.0,0.0,-1.0,False,-
2026-08-29T15:09:17.439550+09:00,118,ATOM,KRW-ATOM,2090.0,37.0,→,-,1.55,-0.14,42.3,-63.0,0.51,0.1,0.16,False,119.0,37.0,0.0,1.0,False,-
2026-08-29T15:09:17.439550+09:00,119,CC,KRW-CC,154.0,37.0,↓,-,-0.65,0.0,43.8,-48.3,0.72,0.1,0.13,False,120.0,37.0,0.0,1.0,False,-
2026-08-29T15:09:17.439550+09:00,120,IOTA,KRW-IOTA,54.2,37.0,↓,-,-1.81,0.0,43.2,-59.0,0.46,0.1,0.15,False,121.0,37.0,0.0,1.0,False,-
2026-08-29T15:09:17.439550+09:00,121,NEAR,KRW-NEAR,2512.0,37.0,↓,-,-0.59,-0.24,41.0,-58.2,0.45,0.1,0.16,False,122.0,37.0,0.0,1.0,False,-
2026-08-29T15:09:17.439550+09:00,122,ADA,KRW-ADA,278.0,37.0,↓,-,-1.07,0.0,44.3,-67.5,0.43,0.1,0.17,False,117.0,37.0,0.0,-5.0,False,-
2026-08-29T15:09:17.439550+09:00,123,SUI,KRW-SUI,1027.0,37.0,↓,-,-0.39,-0.39,42.9,-68.6,0.52,0.1,0.15,False,118.0,37.0,0.0,-5.0,False,-
2026-08-29T15:09:17.439550+09:00,124,ZK,KRW-ZK,11.5,37.0,↑,-,1.77,1.77,36.4,-65.7,0.54,0.09,0.14,False,123.0,37.0,0.0,-1.0,False,-
2026-08-29T15:09:17.439550+09:00,125,RENDER,KRW-RENDER,1979.0,37.0,↓,-,-1.4,-0.35,42.1,-54.7,0.54,0.09,0.11,False,124.0,37.0,0.0,-1.0,False,-
2026-08-29T15:09:17.439550+09:00,126,ALGO,KRW-ALGO,120.0,37.0,↓,-,-0.83,0.0,40.3,-66.7,0.37,0.08,0.14,False,128.0,37.0,0.0,2.0,False,-
2026-08-29T15:09:17.439550+09:00,127,CYBER,KRW-CYBER,427.0,37.0,↑,-,0.47,0.23,35.8,-73.8,0.38,0.08,0.17,False,125.0,37.0,0.0,-2.0,False,-
2026-08-29T15:09:17.439550+09:00,128,ZKC,KRW-ZKC,54.7,37.0,→,-,0.18,0.0,37.5,-64.4,0.46,0.08,0.13,False,130.0,37.0,0.0,2.0,False,-
2026-08-29T15:09:17.439550+09:00,129,KAT,KRW-KAT,6.19,37.0,↓,-,-0.16,0.0,35.7,-53.1,0.4,0.08,0.11,False,126.0,37.0,0.0,-3.0,False,-
2026-08-29T15:09:17.439550+09:00,130,GAME2,KRW-GAME2,1.06,37.0,→,-,0.0,0.0,41.8,-45.3,0.62,0.08,0.11,False,127.0,37.0,0.0,-3.0,False,-
2026-08-29T15:09:17.439550+09:00,131,ALT,KRW-ALT,8.73,37.0,↑,-,0.58,0.46,42.1,-65.7,0.77,0.07,0.06,False,129.0,37.0,0.0,-2.0,False,-
2026-08-29T15:09:17.439550+09:00,132,DOT,KRW-DOT,1168.0,37.0,↓,-,-0.85,-0.6,38.5,-63.1,0.49,0.07,0.1,False,131.0,37.0,0.0,-1.0,False,-
2026-08-29T15:09:17.439550+09:00,133,MEGA,KRW-MEGA,52.5,37.0,↑,-,1.35,0.19,40.5,-51.6,0.3,0.07,0.18,False,132.0,37.0,0.0,-1.0,False,-
2026-08-29T15:09:17.439550+09:00,134,IO,KRW-IO,182.0,37.0,↑,-,0.55,1.11,39.6,-48.1,0.5,0.06,0.11,False,133.0,37.0,0.0,-1.0,False,-
2026-08-29T15:09:17.439550+09:00,135,XLM,KRW-XLM,246.0,37.0,↓,-,-1.2,-0.81,41.3,-65.2,0.36,0.06,0.12,False,134.0,37.0,0.0,-1.0,False,-
2026-08-29T15:09:17.439550+09:00,136,SENT,KRW-SENT,17.6,37.0,↓,-,0.0,-0.56,35.4,-59.5,0.31,0.06,0.13,False,135.0,37.0,0.0,-1.0,False,-
2026-08-29T15:09:17.439550+09:00,137,ANIME,KRW-ANIME,3.68,37.0,→,-,0.82,0.0,41.0,-61.4,0.71,0.04,0.05,False,136.0,37.0,0.0,-1.0,False,-
2026-08-29T15:09:17.439550+09:00,138,BAT,KRW-BAT,94.7,37.0,↓,-,-0.42,-0.63,37.4,-52.2,0.51,0.03,0.04,False,138.0,37.0,0.0,0.0,False,-
2026-08-29T15:09:17.439550+09:00,139,AXL,KRW-AXL,56.2,37.0,→,-,0.72,0.0,41.8,-45.3,0.29,0.03,0.07,False,139.0,37.0,0.0,0.0,False,-
2026-08-29T15:09:17.439550+09:00,140,AZTEC,KRW-AZTEC,18.8,37.0,→,-,0.53,0.0,43.7,-50.9,0.56,0.02,0.02,False,140.0,37.0,0.0,0.0,False,-
2026-08-29T15:09:17.439550+09:00,141,1INCH,KRW-1INCH,122.0,37.0,→,-,0.0,-0.81,44.3,-52.0,0.18,0.01,0.03,False,141.0,37.0,0.0,0.0,False,-
2026-08-29T15:09:17.439550+09:00,142,SOMI,KRW-SOMI,155.0,36.0,↓,-,-3.73,-0.64,51.6,-29.5,0.72,0.25,0.24,False,142.0,36.0,0.0,0.0,False,-
2026-08-29T15:09:17.439550+09:00,143,ICP,KRW-ICP,3397.0,36.0,→,-,2.47,-0.15,51.0,-35.2,0.36,0.16,0.38,False,143.0,36.0,0.0,0.0,False,-
2026-08-29T15:09:17.439550+09:00,144,KAVA,KRW-KAVA,64.2,35.0,→,-,-0.77,-0.47,63.7,-20.0,1.3,0.22,0.15,True,189.0,26.0,9.0,45.0,False,🚀
2026-08-29T15:09:17.439550+09:00,145,KITE,KRW-KITE,168.0,35.0,↑,-,1.2,-0.59,53.2,-27.1,1.37,0.16,0.08,True,145.0,35.0,0.0,0.0,False,-
2026-08-29T15:09:17.439550+09:00,146,DOOD,KRW-DOOD,1.9,35.0,→,-,2.7,0.0,44.7,-41.4,0.42,0.12,0.23,False,146.0,35.0,0.0,0.0,False,-
2026-08-29T15:09:17.439550+09:00,147,SEI,KRW-SEI,63.8,35.0,↓,-,-0.31,0.0,44.5,-38.1,0.48,0.09,0.13,False,147.0,35.0,0.0,0.0,False,-
2026-08-29T15:09:17.439550+09:00,148,ASTR,KRW-ASTR,7.76,35.0,→,-,-0.64,0.13,58.5,-28.6,1.47,0.08,0.04,True,148.0,35.0,0.0,0.0,False,-
2026-08-29T15:09:17.439550+09:00,149,BARD,KRW-BARD,167.0,35.0,→,-,1.21,-0.6,38.1,-27.8,0.47,0.07,0.09,False,149.0,35.0,0.0,0.0,False,-
2026-08-29T15:09:17.439550+09:00,150,POKT,KRW-POKT,10.1,35.0,↑,-,2.02,1.3,41.4,-40.0,0.34,0.05,0.1,False,137.0,37.0,-2.0,-13.0,False,-
2026-08-29T15:09:17.439550+09:00,151,A,KRW-A,108.0,34.0,↑,-,1.89,0.93,63.5,-19.5,0.86,0.31,0.24,False,150.0,34.0,0.0,-1.0,False,-
2026-08-29T15:09:17.439550+09:00,152,ZETA,KRW-ZETA,47.1,34.0,→,-,0.21,-0.42,50.8,-11.7,0.46,0.26,0.46,False,151.0,34.0,0.0,-1.0,False,-
2026-08-29T15:09:17.439550+09:00,153,ZIL,KRW-ZIL,3.27,34.0,→,-,-1.21,-0.61,44.1,-50.9,1.25,0.25,0.2,True,152.0,34.0,0.0,-1.0,False,-
2026-08-29T15:09:17.439550+09:00,154,ARKM,KRW-ARKM,158.0,34.0,→,-,1.94,-0.63,52.0,-15.2,0.62,0.21,0.27,False,178.0,32.0,2.0,24.0,False,🚀
2026-08-29T15:09:17.439550+09:00,155,CVC,KRW-CVC,28.0,34.0,→,-,1.08,0.0,48.3,-18.7,0.71,0.14,0.16,False,153.0,34.0,0.0,-2.0,False,-
2026-08-29T15:09:17.439550+09:00,156,BTC,KRW-BTC,107739000.0,34.0,↓,-,-0.0,-0.03,64.3,-20.0,0.52,0.13,0.17,False,154.0,34.0,0.0,-2.0,False,-
2026-08-29T15:09:17.439550+09:00,157,KAITO,KRW-KAITO,442.0,34.0,→,-,1.14,-0.23,41.4,-84.8,0.3,0.1,0.26,False,155.0,34.0,0.0,-2.0,False,-
2026-08-29T15:09:17.439550+09:00,158,AXS,KRW-AXS,1244.0,34.0,↓,-,-0.96,-0.16,39.7,-81.6,0.42,0.09,0.15,False,158.0,34.0,0.0,0.0,False,-
2026-08-29T15:09:17.439550+09:00,159,HYPER,KRW-HYPER,87.9,34.0,↓,-,-0.34,-0.23,36.5,-82.1,0.23,0.09,0.31,False,156.0,34.0,0.0,-3.0,False,-
2026-08-29T15:09:17.439550+09:00,160,ETH,KRW-ETH,3384000.0,34.0,→,-,0.12,0.0,63.6,-17.7,0.55,0.08,0.1,False,157.0,34.0,0.0,-3.0,False,-
2026-08-29T15:09:17.439550+09:00,161,ARDR,KRW-ARDR,28.8,34.0,↑,-,0.0,0.35,41.7,-52.3,1.41,0.07,0.04,True,160.0,34.0,0.0,-1.0,False,-
2026-08-29T15:09:17.439550+09:00,162,SKY,KRW-SKY,93.7,34.0,↑,-,1.08,0.21,55.6,-18.9,0.42,0.06,0.04,False,161.0,34.0,0.0,-1.0,False,-
2026-08-29T15:09:17.439550+09:00,163,FCT2,KRW-FCT2,9.39,34.0,→,-,-1.37,-0.11,40.5,-48.3,1.43,0.06,0.04,True,162.0,34.0,0.0,-1.0,False,-
2026-08-29T15:09:17.439550+09:00,164,IMX,KRW-IMX,179.0,34.0,→,-,1.13,0.0,48.1,-15.8,0.18,0.03,0.1,False,163.0,34.0,0.0,-1.0,False,-
2026-08-29T15:09:17.439550+09:00,165,SLX,KRW-SLX,98.5,33.0,↑,-,1.23,0.31,30.3,-47.7,1.0,0.3,0.26,False,164.0,33.0,0.0,-1.0,False,-
2026-08-29T15:09:17.439550+09:00,166,VET,KRW-VET,9.26,33.0,→,-,-3.34,-0.86,67.9,-28.2,1.74,0.14,0.06,True,165.0,33.0,0.0,-1.0,False,-
2026-08-29T15:09:17.439550+09:00,167,WAL,KRW-WAL,33.0,33.0,↑,-,2.48,-0.6,38.6,-37.5,0.29,0.12,0.16,False,166.0,33.0,0.0,-1.0,False,-
2026-08-29T15:09:17.439550+09:00,168,RLUSD,KRW-RLUSD,1389.0,33.0,→,-,0.0,0.14,32.0,-50.8,0.18,0.1,0.36,False,167.0,33.0,0.0,-1.0,False,-
2026-08-29T15:09:17.439550+09:00,169,TAIKO,KRW-TAIKO,101.0,33.0,↓,-,0.0,0.0,31.3,-71.8,0.38,0.08,0.15,False,168.0,33.0,0.0,-1.0,False,-
2026-08-29T15:09:17.439550+09:00,170,BOUNTY,KRW-BOUNTY,15.8,33.0,→,-,0.64,0.0,31.0,-43.9,0.63,0.07,0.1,False,169.0,33.0,0.0,-1.0,False,-
2026-08-29T15:09:17.439550+09:00,171,JST,KRW-JST,136.0,33.0,↓,-,0.0,0.0,32.8,-67.9,0.97,0.07,0.07,False,170.0,33.0,0.0,-1.0,False,-
2026-08-29T15:09:17.439550+09:00,172,FF,KRW-FF,128.0,33.0,→,-,1.59,0.0,69.5,-33.8,0.53,0.07,0.05,False,171.0,33.0,0.0,-1.0,False,-
2026-08-29T15:09:17.439550+09:00,173,LA,KRW-LA,76.1,33.0,→,-,0.26,-0.78,32.4,-67.9,0.32,0.07,0.19,False,172.0,33.0,0.0,-1.0,False,-
2026-08-29T15:09:17.439550+09:00,174,USDS,KRW-USDS,1382.0,33.0,→,-,-0.22,0.07,34.7,-72.2,0.14,0.06,0.17,False,173.0,33.0,0.0,-1.0,False,-
2026-08-29T15:09:17.439550+09:00,175,DEEP,KRW-DEEP,19.0,33.0,→,-,0.0,0.53,32.0,-69.1,0.37,0.06,0.12,False,174.0,33.0,0.0,-1.0,False,-
2026-08-29T15:09:17.439550+09:00,176,PUMP,KRW-PUMP,6.38,33.0,↓,-,-0.47,-0.47,68.2,-29.1,0.24,0.04,0.07,False,175.0,33.0,0.0,-1.0,False,-
2026-08-29T15:09:17.439550+09:00,177,LPT,KRW-LPT,1880.0,33.0,→,-,-0.48,0.05,34.6,-54.2,0.38,0.01,0.01,False,176.0,33.0,0.0,-1.0,False,-
2026-08-29T15:09:17.439550+09:00,178,MOCA,KRW-MOCA,12.1,32.0,↑,-,2.54,0.83,51.0,-15.9,0.97,0.24,0.23,False,177.0,32.0,0.0,-1.0,False,-
2026-08-29T15:09:17.439550+09:00,179,UP2,KRW-UP2,74.7,32.0,→,-,-1.19,0.27,62.8,-55.7,1.14,0.18,0.16,True,179.0,32.0,0.0,0.0,False,-
2026-08-29T15:09:17.439550+09:00,180,QKC,KRW-QKC,2.85,32.0,→,-,-2.4,-0.35,43.6,-70.4,1.25,0.11,0.08,True,181.0,32.0,0.0,1.0,False,-
2026-08-29T15:09:17.439550+09:00,181,CKB,KRW-CKB,1.41,32.0,↑,-,2.17,0.71,55.6,-14.7,0.53,0.09,0.11,False,180.0,32.0,0.0,-1.0,False,-
2026-08-29T15:09:17.439550+09:00,182,STX,KRW-STX,350.0,31.0,↓,-,-2.78,-0.85,69.7,-22.6,0.55,0.25,0.21,False,182.0,31.0,0.0,0.0,False,-
2026-08-29T15:09:17.439550+09:00,183,SIGN,KRW-SIGN,11.4,30.0,↓,-,0.0,0.0,49.5,-8.0,0.39,0.15,0.22,False,183.0,30.0,0.0,0.0,False,-
2026-08-29T15:09:17.439550+09:00,184,OPEN,KRW-OPEN,212.0,30.0,→,-,0.47,-0.47,34.7,-87.5,0.47,0.09,0.16,False,159.0,34.0,-4.0,-25.0,False,-
2026-08-29T15:09:17.439550+09:00,185,SAND,KRW-SAND,49.4,30.0,↓,-,-1.0,-0.4,32.4,-84.6,0.47,0.08,0.13,False,184.0,30.0,0.0,-1.0,False,-
2026-08-29T15:09:17.439550+09:00,186,CAP,KRW-CAP,95.7,30.0,↓,-,-1.54,-0.42,76.8,-55.4,0.3,0.05,0.11,False,185.0,30.0,0.0,-1.0,False,-
2026-08-29T15:09:17.439550+09:00,187,ICX,KRW-ICX,18.8,29.0,↑,-,1.62,1.08,16.0,-83.9,1.13,0.25,0.21,False,186.0,29.0,0.0,-1.0,False,-
2026-08-29T15:09:17.439550+09:00,188,CBK,KRW-CBK,239.0,29.0,↓,-,-0.83,0.0,45.0,-46.3,1.18,0.13,0.11,True,187.0,29.0,0.0,-1.0,False,-
2026-08-29T15:09:17.439550+09:00,189,SOL,KRW-SOL,143900.0,29.0,↓,-,-0.35,-0.28,70.7,-18.4,0.69,0.13,0.14,False,188.0,29.0,0.0,-1.0,False,-
2026-08-29T15:09:17.439550+09:00,190,RVN,KRW-RVN,3.79,25.0,↓,-,-1.3,-0.26,33.4,-60.6,1.13,0.33,0.31,True,190.0,25.0,0.0,0.0,False,-
2026-08-29T15:09:17.439550+09:00,191,EDGE,KRW-EDGE,96.2,25.0,→,-,1.16,-0.1,45.9,-60.4,0.39,0.26,0.62,True,191.0,25.0,0.0,0.0,False,-
2026-08-29T15:09:17.439550+09:00,192,AI,KRW-AI,27.4,25.0,→,-,0.74,0.0,27.4,-70.0,0.77,0.24,0.25,False,192.0,25.0,0.0,0.0,False,-
2026-08-29T15:09:17.439550+09:00,193,DATA,KRW-DATA,254.0,25.0,→,-,0.4,-0.39,25.1,-72.9,0.59,0.2,0.27,False,193.0,25.0,0.0,0.0,False,-
2026-08-29T15:09:17.439550+09:00,194,IN,KRW-IN,44.8,25.0,↑,-,1.13,0.22,29.0,-64.3,0.45,0.19,0.36,False,194.0,25.0,0.0,0.0,False,-
2026-08-29T15:09:17.439550+09:00,195,CPOOL,KRW-CPOOL,26.8,25.0,↑,-,1.52,1.9,45.9,-41.5,0.28,0.14,0.29,True,195.0,25.0,0.0,0.0,False,-
2026-08-29T15:09:17.439550+09:00,196,TRUST,KRW-TRUST,70.9,25.0,→,-,0.85,-0.14,49.6,-76.4,0.36,0.12,0.27,True,198.0,25.0,0.0,2.0,False,-
2026-08-29T15:09:17.439550+09:00,197,IOST,KRW-IOST,0.819,25.0,→,-,-0.24,0.24,47.5,-45.5,0.42,0.1,0.16,True,197.0,25.0,0.0,0.0,False,-
2026-08-29T15:09:17.439550+09:00,198,MOC,KRW-MOC,23.4,25.0,→,-,-0.85,0.86,46.8,-55.4,0.37,0.1,0.2,True,199.0,25.0,0.0,1.0,False,-
2026-08-29T15:09:17.439550+09:00,199,BSV,KRW-BSV,23310.0,25.0,→,-,1.22,-0.34,53.1,-43.4,0.33,0.1,0.2,True,200.0,25.0,0.0,1.0,False,-
2026-08-29T15:09:17.439550+09:00,200,PIEVERSE,KRW-PIEVERSE,1434.0,25.0,→,-,1.41,-0.28,55.2,-42.6,0.27,0.09,0.22,True,201.0,25.0,0.0,1.0,False,-
2026-08-29T15:09:17.439550+09:00,201,ESP,KRW-ESP,114.0,25.0,↓,-,-1.72,0.0,24.8,-54.0,0.41,0.08,0.11,False,202.0,25.0,0.0,1.0,False,-
2026-08-29T15:09:17.439550+09:00,202,BCH,KRW-BCH,341100.0,25.0,↓,-,-0.84,-0.29,50.8,-57.7,0.31,0.07,0.18,True,203.0,25.0,0.0,1.0,False,-
2026-08-29T15:09:17.439550+09:00,203,CRO,KRW-CRO,79.2,25.0,↓,-,-0.63,-0.5,51.7,-52.2,0.16,0.07,0.33,True,204.0,25.0,0.0,1.0,False,-
2026-08-29T15:09:17.439550+09:00,204,BLEND,KRW-BLEND,90.3,25.0,↑,-,0.33,0.11,56.6,-47.5,0.67,0.07,0.04,True,205.0,25.0,0.0,1.0,False,-
2026-08-29T15:09:17.439550+09:00,205,B3,KRW-B3,0.627,25.0,↓,-,-1.72,0.0,46.9,-69.5,0.15,0.06,0.31,True,206.0,25.0,0.0,1.0,False,-
2026-08-29T15:09:17.439550+09:00,206,AERO,KRW-AERO,671.0,25.0,↓,-,-1.03,-0.45,57.6,-49.3,0.22,0.06,0.16,True,207.0,25.0,0.0,1.0,False,-
2026-08-29T15:09:17.439550+09:00,207,MEW,KRW-MEW,0.582,25.0,→,-,1.57,-0.17,56.8,-43.4,0.22,0.06,0.14,True,213.0,25.0,0.0,6.0,False,-
2026-08-29T15:09:17.439550+09:00,208,BIRB,KRW-BIRB,78.0,25.0,↓,-,-1.27,0.0,48.7,-61.7,0.5,0.06,0.08,True,208.0,25.0,0.0,0.0,False,-
2026-08-29T15:09:17.439550+09:00,209,ETC,KRW-ETC,10450.0,25.0,→,-,0.29,-0.19,50.8,-51.0,0.3,0.05,0.12,True,209.0,25.0,0.0,0.0,False,-
2026-08-29T15:09:17.439550+09:00,210,POL,KRW-POL,148.0,25.0,→,-,-1.33,0.68,60.0,-40.3,0.29,0.05,0.09,True,210.0,25.0,0.0,0.0,False,-
2026-08-29T15:09:17.439550+09:00,211,SAFE,KRW-SAFE,123.0,25.0,↓,-,0.0,0.0,28.7,-66.7,0.37,0.05,0.09,False,211.0,25.0,0.0,0.0,False,-
2026-08-29T15:09:17.439550+09:00,212,TOSHI,KRW-TOSHI,0.173,25.0,↓,-,0.0,-0.57,50.1,-44.1,0.23,0.05,0.13,True,212.0,25.0,0.0,0.0,False,-
2026-08-29T15:09:17.439550+09:00,213,ZORA,KRW-ZORA,8.42,25.0,↓,-,-0.36,-0.82,46.5,-52.4,0.24,0.05,0.19,True,214.0,25.0,0.0,1.0,False,-
2026-08-29T15:09:17.439550+09:00,214,AHT,KRW-AHT,1.28,25.0,↓,-,0.0,-0.78,45.1,-66.7,0.35,0.04,0.11,True,215.0,25.0,0.0,1.0,False,-
2026-08-29T15:09:17.439550+09:00,215,XCN,KRW-XCN,4.76,25.0,→,-,0.85,0.0,48.5,-66.1,0.13,0.04,0.24,True,222.0,25.0,0.0,7.0,False,-
2026-08-29T15:09:17.439550+09:00,216,XEC,KRW-XEC,0.00963,25.0,→,-,1.26,-0.21,49.2,-59.5,0.21,0.04,0.12,True,223.0,25.0,0.0,7.0,False,-
2026-08-29T15:09:17.439550+09:00,217,TREE,KRW-TREE,52.3,25.0,→,-,0.58,-0.38,51.2,-65.1,0.13,0.03,0.17,True,216.0,25.0,0.0,-1.0,False,-
2026-08-29T15:09:17.439550+09:00,218,MVL,KRW-MVL,1.21,25.0,↓,-,0.0,0.0,53.3,-44.6,0.15,0.03,0.11,True,217.0,25.0,0.0,-1.0,False,-
2026-08-29T15:09:17.439550+09:00,219,PYTH,KRW-PYTH,65.7,25.0,↓,-,-0.61,-0.3,59.1,-53.8,0.44,0.03,0.02,True,218.0,25.0,0.0,-1.0,False,-
2026-08-29T15:09:17.439550+09:00,220,ZAMA,KRW-ZAMA,70.4,25.0,→,-,0.86,-0.28,52.8,-61.0,0.14,0.03,0.11,True,219.0,25.0,0.0,-1.0,False,-
2026-08-29T15:09:17.439550+09:00,221,SPK,KRW-SPK,25.4,25.0,→,-,0.79,0.0,49.5,-51.0,0.49,0.03,0.06,True,220.0,25.0,0.0,-1.0,False,-
2026-08-29T15:09:17.439550+09:00,222,MET2,KRW-MET2,293.0,25.0,→,-,1.38,0.0,48.6,-43.0,0.15,0.03,0.13,True,221.0,25.0,0.0,-1.0,False,-
2026-08-29T15:09:17.439550+09:00,223,PROS,KRW-PROS,579.0,25.0,↓,-,-0.69,-0.34,61.0,-52.2,0.17,0.02,0.08,True,224.0,25.0,0.0,1.0,False,-
2026-08-29T15:09:17.439550+09:00,224,CTC,KRW-CTC,120.0,25.0,↓,-,0.0,0.0,46.4,-44.9,0.14,0.02,0.07,True,225.0,25.0,0.0,1.0,False,-
2026-08-29T15:09:17.439550+09:00,225,RED,KRW-RED,150.0,25.0,↓,-,0.0,-0.66,52.7,-56.4,0.09,0.02,0.07,True,226.0,25.0,0.0,1.0,False,-
2026-08-29T15:09:17.439550+09:00,226,SC,KRW-SC,0.87,25.0,→,-,-0.8,0.12,53.8,-58.3,0.09,0.01,0.05,True,227.0,25.0,0.0,1.0,False,-
2026-08-29T15:09:17.439550+09:00,227,SUPER,KRW-SUPER,154.0,25.0,→,-,0.65,0.0,58.4,-53.3,0.15,0.01,0.02,True,229.0,25.0,0.0,2.0,False,-
2026-08-29T15:09:17.439550+09:00,228,FLUID,KRW-FLUID,1807.0,25.0,→,-,-0.28,0.56,51.3,-66.6,0.25,0.01,0.0,True,228.0,25.0,0.0,0.0,False,-
2026-08-29T15:09:17.439550+09:00,229,APT,KRW-APT,747.0,23.0,↓,-,-0.13,-0.4,32.9,-92.5,0.71,0.19,0.22,False,230.0,23.0,0.0,1.0,False,-
2026-08-29T15:09:17.439550+09:00,230,ENS,KRW-ENS,7745.0,23.0,↓,-,-1.53,-0.19,55.7,-34.8,0.38,0.15,0.2,True,231.0,23.0,0.0,1.0,False,-
2026-08-29T15:09:17.439550+09:00,231,BSB,KRW-BSB,143.0,23.0,→,-,2.88,-0.69,25.3,-76.6,0.53,0.15,0.23,False,232.0,23.0,0.0,1.0,False,-
2026-08-29T15:09:17.439550+09:00,232,QTUM,KRW-QTUM,1167.0,23.0,→,-,3.0,0.0,55.4,-48.2,0.61,0.12,0.12,True,236.0,23.0,0.0,4.0,False,-
2026-08-29T15:09:17.439550+09:00,233,META2,KRW-META2,8510.0,23.0,↓,-,-6.69,-0.18,47.5,-54.7,1.17,0.11,0.05,True,233.0,23.0,0.0,0.0,False,-
2026-08-29T15:09:17.439550+09:00,234,KMNO,KRW-KMNO,36.2,23.0,→,-,0.84,-0.28,53.7,-37.9,0.62,0.11,0.15,True,234.0,23.0,0.0,0.0,False,-
2026-08-29T15:09:17.439550+09:00,235,ZRX,KRW-ZRX,134.0,23.0,↓,-,-1.47,-0.74,53.7,-22.0,0.27,0.11,0.22,True,235.0,23.0,0.0,0.0,False,-
2026-08-29T15:09:17.439550+09:00,236,PUNDIX,KRW-PUNDIX,128.0,23.0,↑,-,2.4,0.79,53.5,-48.1,0.31,0.1,0.13,True,196.0,25.0,-2.0,-40.0,False,-
2026-08-29T15:09:17.439550+09:00,237,JTO,KRW-JTO,666.0,23.0,↓,-,-0.45,-0.45,34.0,-94.3,0.81,0.07,0.08,False,237.0,23.0,0.0,0.0,False,-
2026-08-29T15:09:17.439550+09:00,238,POWR,KRW-POWR,65.3,23.0,→,-,3.65,0.0,55.5,-46.5,0.14,0.06,0.25,True,240.0,23.0,0.0,2.0,False,-
2026-08-29T15:09:17.439550+09:00,239,EUL,KRW-EUL,1905.0,23.0,→,-,0.16,-0.63,21.8,-36.6,0.47,0.06,0.06,False,238.0,23.0,0.0,-1.0,False,-
2026-08-29T15:09:17.439550+09:00,240,MTL,KRW-MTL,323.0,23.0,↑,-,1.25,0.31,48.3,-31.8,0.39,0.06,0.03,True,239.0,23.0,0.0,-1.0,False,-
2026-08-29T15:09:17.439550+09:00,241,ZRO,KRW-ZRO,1473.0,23.0,↓,-,-2.64,-0.07,60.3,-48.9,0.35,0.05,0.07,True,241.0,23.0,0.0,0.0,False,-
2026-08-29T15:09:17.439550+09:00,242,BIGTIME,KRW-BIGTIME,9.05,23.0,↑,-,1.34,0.11,51.9,-28.1,0.27,0.05,0.17,True,242.0,23.0,0.0,0.0,False,-
2026-08-29T15:09:17.439550+09:00,243,WIF,KRW-WIF,280.0,23.0,↓,-,-0.71,0.0,62.8,-34.5,0.25,0.04,0.1,True,243.0,23.0,0.0,0.0,False,-
2026-08-29T15:09:17.439550+09:00,244,NEO,KRW-NEO,2951.0,23.0,↑,-,0.61,0.2,52.4,-33.5,0.57,0.04,0.03,True,245.0,23.0,0.0,1.0,False,-
2026-08-29T15:09:17.439550+09:00,245,PENDLE,KRW-PENDLE,2354.0,23.0,→,-,0.09,-0.17,54.6,-38.6,0.19,0.02,0.08,True,246.0,23.0,0.0,1.0,False,-
2026-08-29T15:09:17.439550+09:00,246,WLFI,KRW-WLFI,80.8,22.0,→,-,1.0,-0.74,48.9,-87.7,0.37,0.15,0.36,True,247.0,22.0,0.0,1.0,False,-
2026-08-29T15:09:17.439550+09:00,247,SONIC,KRW-SONIC,28.3,22.0,→,-,1.43,0.0,44.5,-40.0,0.43,0.12,0.06,True,248.0,22.0,0.0,1.0,False,-
2026-08-29T15:09:17.439550+09:00,248,CFG,KRW-CFG,174.0,22.0,→,-,0.58,0.0,28.5,-87.1,0.51,0.11,0.21,False,249.0,22.0,0.0,1.0,False,-
2026-08-29T15:09:17.439550+09:00,249,WCT,KRW-WCT,52.3,22.0,→,-,-0.38,0.19,40.4,-45.4,0.37,0.08,0.05,True,250.0,22.0,0.0,1.0,False,-
2026-08-29T15:09:17.439550+09:00,250,PROVE,KRW-PROVE,233.0,22.0,↓,-,0.0,0.0,37.7,-55.4,0.31,0.07,0.14,True,251.0,22.0,0.0,1.0,False,-
2026-08-29T15:09:17.439550+09:00,251,HIVE,KRW-HIVE,59.5,22.0,↓,-,-0.83,0.0,36.8,-45.5,0.43,0.06,0.08,True,252.0,22.0,0.0,1.0,False,-
2026-08-29T15:09:17.439550+09:00,252,GMT,KRW-GMT,9.64,22.0,↓,-,-0.1,-0.1,39.8,-57.1,0.35,0.05,0.09,True,253.0,22.0,0.0,1.0,False,-
2026-08-29T15:09:17.439550+09:00,253,BERA,KRW-BERA,234.0,22.0,↓,-,0.0,-0.43,40.6,-67.7,0.26,0.05,0.13,True,254.0,22.0,0.0,1.0,False,-
2026-08-29T15:09:17.439550+09:00,254,SUN,KRW-SUN,23.5,22.0,→,-,0.43,-0.42,23.3,-83.3,0.57,0.05,0.09,False,255.0,22.0,0.0,1.0,False,-
2026-08-29T15:09:17.439550+09:00,255,IQ,KRW-IQ,0.928,22.0,→,-,-0.22,0.43,37.9,-71.6,0.22,0.03,0.1,True,256.0,22.0,0.0,1.0,False,-
2026-08-29T15:09:17.439550+09:00,256,MBL,KRW-MBL,0.896,22.0,↑,-,0.22,0.22,44.6,-64.8,0.12,0.03,0.09,True,257.0,22.0,0.0,1.0,False,-
2026-08-29T15:09:17.439550+09:00,257,GEOD,KRW-GEOD,310.0,22.0,→,-,1.64,0.0,39.2,-70.1,0.19,0.02,0.07,True,258.0,22.0,0.0,1.0,False,-
2026-08-29T15:09:17.439550+09:00,258,BIO,KRW-BIO,38.8,22.0,↑,-,0.52,0.52,42.5,-63.5,0.15,0.02,0.11,True,259.0,22.0,0.0,1.0,False,-
2026-08-29T15:09:17.439550+09:00,259,AUCTION,KRW-AUCTION,4410.0,22.0,↓,-,-0.05,-0.14,44.0,-43.8,0.31,0.02,0.05,True,260.0,22.0,0.0,1.0,False,-
2026-08-29T15:09:17.439550+09:00,260,SPX,KRW-SPX,742.0,21.0,→,-,2.06,-0.93,61.4,-33.9,0.69,0.1,0.06,True,261.0,21.0,0.0,1.0,False,-
2026-08-29T15:09:17.439550+09:00,261,ELF,KRW-ELF,89.9,21.0,↓,-,-2.81,-0.11,56.2,-23.7,0.25,0.09,0.32,True,262.0,21.0,0.0,1.0,False,-
2026-08-29T15:09:17.439550+09:00,262,RAY,KRW-RAY,1078.0,21.0,↓,-,-3.75,-0.74,55.8,-34.1,0.3,0.06,0.13,True,263.0,21.0,0.0,1.0,False,-
2026-08-29T15:09:17.439550+09:00,263,DRV,KRW-DRV,227.0,21.0,↓,-,-2.58,-0.87,61.8,-35.8,0.52,0.04,0.02,True,244.0,23.0,-2.0,-19.0,False,-
2026-08-29T15:09:17.439550+09:00,264,SOON,KRW-SOON,296.0,20.0,↑,-,4.96,0.34,67.2,-7.1,0.42,0.29,0.41,False,264.0,20.0,0.0,0.0,False,-
2026-08-29T15:09:17.439550+09:00,265,LSK,KRW-LSK,144.0,20.0,→,-,4.35,0.0,60.8,-40.9,0.69,0.18,0.06,True,265.0,20.0,0.0,0.0,False,-
2026-08-29T15:09:17.439550+09:00,266,NEWT,KRW-NEWT,57.6,20.0,→,-,2.49,-0.17,44.5,-50.0,0.23,0.1,0.35,True,266.0,20.0,0.0,0.0,False,-
2026-08-29T15:09:17.439550+09:00,267,TRAC,KRW-TRAC,484.0,20.0,→,-,5.68,-0.21,58.1,-64.7,0.1,0.05,0.28,True,267.0,20.0,0.0,0.0,False,-
2026-08-29T15:09:17.439550+09:00,268,STEEM,KRW-STEEM,63.5,19.0,→,-,0.16,-0.31,57.8,-13.6,0.4,0.04,0.07,True,268.0,19.0,0.0,0.0,False,-
2026-08-29T15:09:17.439550+09:00,269,MOVE,KRW-MOVE,13.0,18.0,→,-,4.0,-1.52,49.8,-26.7,0.32,0.16,0.19,True,269.0,18.0,0.0,0.0,False,-
2026-08-29T15:09:17.439550+09:00,270,WAVES,KRW-WAVES,294.0,18.0,↓,-,0.0,-0.34,34.4,-62.5,0.17,0.02,0.09,True,270.0,18.0,0.0,0.0,False,-
2026-08-29T15:09:17.439550+09:00,271,MASK,KRW-MASK,616.0,17.0,↑,-,2.16,0.65,55.7,-14.1,0.39,0.04,0.02,True,271.0,17.0,0.0,0.0,False,-
2026-08-29T15:09:17.439550+09:00,272,TRUMP,KRW-TRUMP,3936.0,16.0,→,-,3.82,-3.6,72.7,-35.7,0.9,0.7,0.82,True,277.0,9.0,7.0,5.0,False,-
2026-08-29T15:09:17.439550+09:00,273,BABY,KRW-BABY,17.4,16.0,→,-,1.75,0.0,44.1,-13.0,0.29,0.11,0.3,True,272.0,16.0,0.0,-1.0,False,-
2026-08-29T15:09:17.439550+09:00,274,EGLD,KRW-EGLD,4926.0,14.0,↑,-,1.4,0.29,65.5,-12.2,0.25,0.02,0.05,True,274.0,14.0,0.0,0.0,False,-
2026-08-29T15:09:17.439550+09:00,275,SNT,KRW-SNT,10.1,11.0,↑,-,10.26,0.0,58.3,-17.1,0.3,0.59,0.6,True,273.0,15.0,-4.0,-2.0,False,-
2026-08-29T15:09:17.439550+09:00,276,GLM,KRW-GLM,157.0,10.0,↓,-,-1.26,0.0,69.9,-9.5,0.31,0.1,0.12,True,275.0,10.0,0.0,-1.0,False,-
2026-08-29T15:09:17.439550+09:00,277,GRVT,KRW-GRVT,239.0,10.0,→,-,4.37,-1.24,17.0,-91.4,0.23,0.1,0.5,False,276.0,10.0,0.0,-1.0,False,-
2026-08-29T15:09:17.439550+09:00,278,TT,KRW-TT,0.254,8.0,→,-,-8.96,-1.93,8.0,-99.3,1.48,0.49,0.43,True,278.0,8.0,0.0,0.0,False,-
2026-08-29T15:09:17.439550+09:00,279,PRL,KRW-PRL,256.0,8.0,↓,-,-1.54,-0.39,33.7,-99.5,0.14,0.03,0.23,True,279.0,8.0,0.0,0.0,False,-
2026-08-29T15:09:17.439550+09:00,280,STORJ,KRW-STORJ,55.5,7.0,↓,-,-0.72,-0.36,26.4,-90.0,0.24,0.02,0.07,True,280.0,7.0,0.0,0.0,False,-
2026-08-29T15:09:17.439550+09:00,281,WET,KRW-WET,83.0,0.0,↓,-,-0.95,-0.6,25.0,-97.1,0.42,0.1,0.19,True,281.0,0.0,0.0,0.0,False,-
