Rank,coin,market,price,VPD,momentum,trigger,1D%,MaxPriceReturn%,Giveback%p,DayHigh,1H%,RSI14,Williams,Vol3/10,TodayValue/10,IntraAccel,SpikeCollapse,PrevRank,PrevVPD,VPDVelocity,VPDVelocityPerHour,RankChange,NEW_MARKET,NEW_TOP10,Rocket,RocketReason,Status
1,BORA,KRW-BORA,39.4,82.0,→,-,0.51,4.85,4.34,41.1,0.0,70.5,-62.9,1.7,3.49,4.61,False,165,35.0,47.0,1.96,164,False,True,True,VELOCITY+RANK,NEW_TOP10🚀
2,BLAST,KRW-BLAST,0.342,79.0,↑,-,12.13,26.56,14.43,0.386,-0.29,36.1,-89.7,4.22,5.36,4.87,False,204,25.0,54.0,2.25,202,False,True,True,VELOCITY+RANK,NEW_TOP10🚀
3,TOKAMAK,KRW-TOKAMAK,515.0,78.0,↑↑,-,3.83,7.86,4.03,535.0,0.19,61.5,-53.0,1.44,3.18,6.96,False,171,34.0,44.0,1.83,168,False,True,True,VELOCITY+RANK,NEW_TOP10🚀
4,AXS,KRW-AXS,1841.0,73.0,↑↑,-,13.01,21.42,8.41,1978.0,0.55,75.4,-22.4,3.91,8.03,5.02,False,6,71.0,2.0,0.08,2,False,False,False,-,-
5,SENT,KRW-SENT,31.3,72.0,↑,-,3.64,12.25,8.61,33.9,0.32,68.7,-28.0,1.76,4.07,6.36,False,280,13.0,59.0,2.46,275,False,True,True,VELOCITY+RANK,NEW_TOP10🚀
6,YGG,KRW-YGG,37.9,72.0,↑,-,1.61,8.04,6.43,40.3,0.0,63.8,-38.7,2.53,2.64,1.47,False,4,76.0,-4.0,-0.17,-2,False,False,False,-,-
7,BEAM,KRW-BEAM,3.46,70.0,↑,-,19.72,44.64,24.91,4.18,0.87,80.0,-42.4,13.65,52.53,132.87,False,271,16.0,54.0,2.25,264,False,True,True,VELOCITY+RANK,NEW_TOP10🚀
8,BAT,KRW-BAT,139.0,70.0,↑,-,7.75,16.28,8.53,150.0,0.0,74.4,-26.8,4.04,5.95,2.59,False,5,74.0,-4.0,-0.17,-3,False,False,False,-,-
9,OPEN,KRW-OPEN,161.0,70.0,↑,-,1.9,7.59,5.7,170.0,0.0,29.0,-80.0,3.04,4.0,2.46,False,8,69.0,1.0,0.04,-1,False,False,False,-,-
10,ZRX,KRW-ZRX,174.0,70.0,↑,-,2.96,7.1,4.14,181.0,0.58,69.6,-28.0,1.51,2.69,2.85,False,33,47.0,23.0,0.96,23,False,True,True,VELOCITY+RANK,NEW_TOP10🚀
11,ESP,KRW-ESP,144.0,67.0,↑,-,3.6,15.83,12.23,161.0,0.7,68.5,-45.9,1.27,3.72,13.26,False,225,25.0,42.0,1.75,214,False,False,True,VELOCITY+RANK,🚀
12,BIGTIME,KRW-BIGTIME,12.4,66.0,↑,-,1.64,7.38,5.74,13.1,0.81,59.1,-52.9,1.83,1.61,1.16,False,2,79.0,-13.0,-0.54,-10,False,False,False,-,-
13,AKT,KRW-AKT,1063.0,65.0,↑↑,-,15.92,18.43,2.51,1086.0,0.09,73.9,-7.5,3.86,11.18,13.4,False,81,40.0,25.0,1.04,68,False,False,True,VELOCITY+RANK,🚀
14,IOTA,KRW-IOTA,80.1,65.0,↑,-,8.39,17.32,8.93,86.7,-0.87,71.7,-26.6,1.45,4.18,8.62,False,261,18.0,47.0,1.96,247,False,False,True,VELOCITY+RANK,🚀
15,IO,KRW-IO,235.0,65.0,↑,-,1.73,8.23,6.49,250.0,0.86,66.0,-25.9,1.25,2.07,2.87,False,119,38.0,27.0,1.13,104,False,False,True,VELOCITY+RANK,🚀
16,IMX,KRW-IMX,250.0,62.0,↑,-,0.4,5.62,5.22,263.0,0.81,70.4,-29.9,2.02,1.2,0.66,False,3,76.0,-14.0,-0.58,-13,False,False,False,-,-
17,MANA,KRW-MANA,140.0,61.0,↑,-,-1.41,4.23,5.63,148.0,0.72,76.1,-38.3,3.62,1.64,0.52,False,10,67.0,-6.0,-0.25,-7,False,False,False,-,-
18,BSB,KRW-BSB,139.0,60.0,→,-,2.21,8.09,5.88,147.0,0.0,49.6,-59.3,1.19,1.71,2.01,False,39,45.0,15.0,0.63,21,False,False,True,VELOCITY+RANK,🚀
19,TFUEL,KRW-TFUEL,14.3,60.0,→,-,2.14,5.71,3.57,14.8,0.0,47.0,-72.7,0.84,1.33,2.68,False,72,42.0,18.0,0.75,53,False,False,True,VELOCITY+RANK,🚀
20,GMT,KRW-GMT,12.3,59.0,→,-,2.5,9.17,6.67,13.1,0.0,67.8,-32.0,1.58,1.99,1.44,False,38,45.0,14.0,0.58,18,False,False,True,VELOCITY+RANK,🚀
21,MASK,KRW-MASK,665.0,59.0,↑,-,0.45,3.47,3.02,685.0,0.76,59.9,-59.5,1.37,1.01,0.87,False,15,59.0,0.0,0.0,-6,False,False,False,-,-
22,ALT,KRW-ALT,10.7,59.0,→,-,-2.73,0.0,2.73,11.0,0.94,59.1,-36.1,1.03,0.91,1.02,False,63,43.0,16.0,0.67,41,False,False,True,VELOCITY+RANK,🚀
23,EURC,KRW-EURC,1528.0,58.0,→,-,-0.13,0.2,0.33,1533.0,0.33,40.6,-62.7,1.13,1.01,1.14,False,34,47.0,11.0,0.46,11,False,False,True,VELOCITY+RANK,🚀
24,META2,KRW-META2,8465.0,57.0,↑,-,6.21,16.75,10.54,9305.0,-0.06,55.9,-51.5,0.74,2.04,7.88,False,249,22.0,35.0,1.46,225,False,False,True,VELOCITY+RANK,🚀
25,CHZ,KRW-CHZ,23.0,57.0,→,-,-0.86,3.02,3.88,23.9,0.44,64.0,-36.4,1.38,0.92,0.74,False,7,70.0,-13.0,-0.54,-18,False,False,False,-,-
26,ME,KRW-ME,104.0,57.0,→,-,-2.8,0.0,2.8,107.0,0.0,58.2,-41.7,1.25,0.6,0.48,False,12,65.0,-8.0,-0.33,-14,False,False,False,-,-
27,LPT,KRW-LPT,2337.0,57.0,→,-,-3.43,-0.12,3.31,2417.0,0.47,56.5,-58.0,1.24,0.48,0.39,False,9,68.0,-11.0,-0.46,-18,False,False,False,-,-
28,ATH,KRW-ATH,10.5,56.0,↑,-,5.85,15.93,10.08,11.5,1.94,74.9,-23.2,2.96,2.54,1.07,False,11,67.0,-11.0,-0.46,-17,False,False,False,-,-
29,DKA,KRW-DKA,5.72,56.0,→,-,0.88,3.17,2.29,5.85,-0.52,62.9,-52.6,0.71,1.18,2.39,False,111,40.0,16.0,0.67,82,False,False,True,VELOCITY+RANK,🚀
30,ZAMA,KRW-ZAMA,117.0,56.0,→,-,-2.5,5.0,7.5,126.0,0.0,60.6,-60.9,1.24,1.0,0.91,False,35,46.0,10.0,0.42,5,False,False,True,VELOCITY,🚀
31,KITE,KRW-KITE,198.0,55.0,↓,-,-3.41,5.85,9.27,217.0,0.0,64.0,-31.1,0.93,1.73,1.98,False,172,34.0,21.0,0.88,141,False,False,True,VELOCITY+RANK,🚀
32,FLUID,KRW-FLUID,2377.0,54.0,→,-,2.41,6.51,4.09,2472.0,-0.34,73.4,-13.4,1.59,1.97,1.66,False,156,36.0,18.0,0.75,124,False,False,True,VELOCITY+RANK,🚀
33,ORCA,KRW-ORCA,2681.0,53.0,↑,-,9.43,16.45,7.02,2853.0,1.06,70.6,-19.2,1.07,2.69,5.96,False,246,22.0,31.0,1.29,213,False,False,True,VELOCITY+RANK,🚀
34,SUPER,KRW-SUPER,337.0,53.0,↑,-,-5.07,1.69,6.76,361.0,1.2,79.1,-25.0,2.03,1.15,0.53,False,59,43.0,10.0,0.42,25,False,False,True,VELOCITY+RANK,🚀
35,ZRO,KRW-ZRO,2673.0,52.0,→,-,-1.29,3.77,5.06,2810.0,-0.26,77.5,-17.6,1.62,1.31,0.85,False,31,48.0,4.0,0.17,-4,False,False,False,-,-
36,META,KRW-META,11.9,52.0,↓,-,0.0,3.36,3.36,12.3,-0.83,57.7,-58.3,0.82,1.11,1.38,False,98,40.0,12.0,0.5,62,False,False,True,VELOCITY+RANK,🚀
37,THETA,KRW-THETA,313.0,52.0,↑,-,1.29,2.59,1.29,317.0,0.64,62.6,-30.6,1.17,0.94,0.9,False,22,52.0,0.0,0.0,-15,False,False,False,-,-
38,SOPH,KRW-SOPH,5.27,52.0,↑,-,0.57,3.24,2.67,5.41,0.57,45.6,-74.6,0.7,0.91,1.16,False,133,38.0,14.0,0.58,95,False,False,True,VELOCITY+RANK,🚀
39,ZKP,KRW-ZKP,66.9,52.0,→,-,0.45,1.8,1.35,67.8,0.3,45.3,-65.5,1.12,0.65,0.63,False,122,38.0,14.0,0.58,83,False,False,True,VELOCITY+RANK,🚀
40,UP2,KRW-UP2,94.4,52.0,→,-,-4.16,-0.1,4.06,98.4,0.11,51.8,-47.0,1.13,0.51,0.46,False,26,51.0,1.0,0.04,-14,False,False,False,-,-
41,NEO,KRW-NEO,3481.0,52.0,→,-,0.43,1.76,1.33,3527.0,0.46,60.1,-52.5,1.13,0.51,0.47,False,89,40.0,12.0,0.5,48,False,False,True,VELOCITY+RANK,🚀
42,XTZ,KRW-XTZ,449.0,51.0,↑,-,2.51,4.57,2.05,458.0,0.67,61.5,-54.4,1.04,0.92,0.8,False,30,49.0,2.0,0.08,-12,False,False,False,-,-
43,KNC,KRW-KNC,193.0,51.0,↑,-,0.0,1.55,1.55,196.0,0.52,56.3,-59.3,2.75,0.66,0.25,True,1,87.0,-36.0,-1.5,-42,False,False,False,-,-
44,EDGE,KRW-EDGE,174.0,50.0,↑,-,26.09,42.75,16.67,197.0,0.58,65.9,-32.7,0.92,2.8,35.2,False,233,25.0,25.0,1.04,189,False,False,True,VELOCITY+RANK,🚀
45,POKT,KRW-POKT,12.2,50.0,→,-,0.0,0.0,0.0,12.2,0.83,59.9,-53.3,0.48,0.51,1.18,False,115,40.0,10.0,0.42,70,False,False,True,VELOCITY+RANK,🚀
46,DRV,KRW-DRV,563.0,49.0,↑,-,7.24,9.71,2.48,576.0,1.26,63.0,-66.2,0.89,1.37,1.42,False,154,37.0,12.0,0.5,108,False,False,False,-,-
47,USDC,KRW-USDC,1352.0,49.0,↓,-,-0.37,0.29,0.66,1361.0,-0.22,48.1,-65.0,0.97,0.92,0.88,False,141,37.0,12.0,0.5,94,False,False,False,-,-
48,VANA,KRW-VANA,1482.0,49.0,↑,-,1.93,4.2,2.27,1515.0,0.07,56.1,-62.3,0.84,0.92,1.29,False,45,45.0,4.0,0.17,-3,False,False,False,-,-
49,GEOD,KRW-GEOD,425.0,48.0,↑,-,9.25,9.25,0.0,425.0,0.71,69.5,-0.0,1.01,1.93,2.67,False,182,31.0,17.0,0.71,133,False,False,False,-,-
50,W,KRW-W,19.7,48.0,↑,-,5.35,11.76,6.42,20.9,1.03,70.0,-32.8,0.86,1.93,7.0,False,253,20.0,28.0,1.17,203,False,False,False,-,-
51,SAND,KRW-SAND,103.0,48.0,↑,-,0.98,6.86,5.88,109.0,0.0,90.5,-18.6,3.51,1.43,0.45,False,16,58.0,-10.0,-0.42,-35,False,False,False,-,-
52,MLK,KRW-MLK,59.9,48.0,↑,-,1.53,2.71,1.19,60.6,0.17,64.0,-54.4,0.62,0.79,1.4,False,99,40.0,8.0,0.33,47,False,False,False,-,-
53,CFG,KRW-CFG,205.0,48.0,→,-,-1.44,2.88,4.33,214.0,0.99,62.1,-54.7,0.55,0.69,1.47,False,166,35.0,13.0,0.54,113,False,False,False,-,-
54,ANIME,KRW-ANIME,4.58,48.0,→,-,0.22,3.06,2.84,4.71,0.44,47.2,-49.2,0.53,0.64,1.46,False,96,40.0,8.0,0.33,42,False,False,False,-,-
55,MIRA,KRW-MIRA,70.1,47.0,→,-,-2.37,0.0,2.37,71.8,0.14,43.8,-78.5,0.76,0.7,1.04,False,66,43.0,4.0,0.17,11,False,False,False,-,-
56,1INCH,KRW-1INCH,143.0,45.0,→,-,0.0,2.8,2.8,147.0,0.7,67.6,-25.0,0.77,0.9,1.34,False,179,32.0,13.0,0.54,123,False,False,False,-,-
57,API3,KRW-API3,398.0,45.0,→,-,-0.75,3.24,3.99,414.0,0.51,68.3,-34.8,0.79,0.84,1.16,False,278,14.0,31.0,1.29,221,False,False,False,-,-
58,CARV,KRW-CARV,60.8,45.0,↑,-,1.67,4.01,2.34,62.2,0.16,64.1,-51.4,0.51,0.7,1.33,False,262,18.0,27.0,1.13,204,False,False,False,-,-
59,USD1,KRW-USD1,1352.0,45.0,↓,-,-0.44,0.29,0.74,1362.0,-0.29,47.9,-65.9,0.57,0.62,0.93,False,153,37.0,8.0,0.33,94,False,False,False,-,-
60,BLEND,KRW-BLEND,92.2,45.0,↓,-,-1.5,1.18,2.67,94.7,-0.32,48.3,-48.1,0.72,0.59,0.83,False,64,43.0,2.0,0.08,4,False,False,False,-,-
61,VET,KRW-VET,12.0,45.0,↑,-,1.69,1.69,0.0,12.0,0.84,56.3,-63.6,0.71,0.59,0.74,False,129,38.0,7.0,0.29,68,False,False,False,-,-
62,INJ,KRW-INJ,10240.0,45.0,→,-,-1.73,1.25,2.98,10550.0,1.19,49.7,-78.0,0.66,0.57,0.93,False,44,45.0,0.0,0.0,-18,False,False,False,-,-
63,OP,KRW-OP,182.0,45.0,→,-,-1.62,1.08,2.7,187.0,1.11,59.7,-57.5,0.74,0.56,0.85,False,29,49.0,-4.0,-0.17,-34,False,False,False,-,-
64,MINA,KRW-MINA,212.0,45.0,→,-,-4.07,4.52,8.6,231.0,0.47,69.7,-27.4,1.27,0.56,0.37,False,79,40.0,5.0,0.21,15,False,False,False,-,-
65,TIA,KRW-TIA,647.0,45.0,↑,-,0.62,3.42,2.8,665.0,0.94,62.6,-51.0,1.76,0.55,0.3,True,121,38.0,7.0,0.29,56,False,False,False,-,-
66,TAO,KRW-TAO,412600.0,45.0,→,-,-1.2,1.08,2.27,422100.0,0.78,54.4,-46.8,0.72,0.52,0.68,False,65,43.0,2.0,0.08,-1,False,False,False,-,-
67,KAITO,KRW-KAITO,469.0,45.0,→,-,-0.64,1.69,2.33,480.0,1.08,55.4,-48.6,0.79,0.5,0.56,False,157,36.0,9.0,0.38,90,False,False,False,-,-
68,ONT,KRW-ONT,81.0,45.0,→,-,-2.17,0.36,2.54,83.1,0.5,64.9,-40.9,0.78,0.5,0.66,False,20,54.0,-9.0,-0.38,-48,False,False,False,-,-
69,USDG,KRW-USDG,1363.0,45.0,↑,-,0.74,0.74,0.0,1363.0,0.59,47.2,-65.3,0.57,0.49,0.95,False,103,40.0,5.0,0.21,34,False,False,False,-,-
70,BOUNTY,KRW-BOUNTY,19.7,45.0,→,-,1.03,1.54,0.51,19.8,1.03,64.2,-40.0,0.64,0.49,0.72,False,77,41.0,4.0,0.17,7,False,False,False,-,-
71,APT,KRW-APT,1087.0,45.0,→,-,-0.37,1.47,1.83,1107.0,0.93,61.9,-56.7,0.93,0.49,0.48,False,61,43.0,2.0,0.08,-10,False,False,False,-,-
72,ID,KRW-ID,49.4,45.0,→,-,-1.59,0.2,1.79,50.3,0.41,53.5,-72.4,0.72,0.49,0.58,False,48,45.0,0.0,0.0,-24,False,False,False,-,-
73,A,KRW-A,130.0,45.0,↓,-,0.0,1.54,1.54,132.0,0.0,55.9,-58.3,0.61,0.47,0.72,False,47,45.0,0.0,0.0,-26,False,False,False,-,-
74,WET,KRW-WET,90.3,45.0,→,-,0.22,1.22,1.0,91.2,0.22,52.7,-68.8,0.77,0.45,0.5,False,134,38.0,7.0,0.29,60,False,False,False,-,-
75,USDT,KRW-USDT,1352.0,45.0,↓,-,-0.52,0.15,0.66,1361.0,-0.22,46.8,-64.1,0.93,0.45,0.43,False,70,42.0,3.0,0.13,-5,False,False,False,-,-
76,HYPER,KRW-HYPER,97.8,45.0,↑,-,0.72,1.13,0.41,98.2,0.62,49.2,-73.9,0.6,0.45,0.67,False,145,37.0,8.0,0.33,69,False,False,False,-,-
77,HOLO,KRW-HOLO,89.1,45.0,→,-,-0.78,1.22,2.0,90.9,0.34,49.0,-47.0,0.65,0.43,0.63,False,94,40.0,5.0,0.21,17,False,False,False,-,-
78,WCT,KRW-WCT,57.6,45.0,→,-,-2.37,0.68,3.05,59.4,0.35,51.0,-50.0,0.76,0.41,0.48,False,60,43.0,2.0,0.08,-18,False,False,False,-,-
79,MNT,KRW-MNT,891.0,45.0,↑,-,1.71,1.94,0.23,893.0,0.45,52.5,-54.6,0.57,0.41,0.74,False,86,40.0,5.0,0.21,7,False,False,False,-,-
80,CFX,KRW-CFX,73.5,45.0,→,-,-0.54,0.14,0.68,74.0,0.41,60.9,-57.1,0.4,0.4,0.95,False,159,36.0,9.0,0.38,79,False,False,False,-,-
81,MORPHO,KRW-MORPHO,3683.0,45.0,→,-,-1.66,1.71,3.36,3809.0,0.68,61.4,-50.2,0.63,0.4,0.52,False,158,36.0,9.0,0.38,77,False,False,False,-,-
82,USDS,KRW-USDS,1359.0,45.0,↑,-,0.22,0.52,0.29,1363.0,-0.22,46.7,-44.4,0.3,0.33,1.17,False,155,37.0,8.0,0.33,73,False,False,False,-,-
83,ZKC,KRW-ZKC,57.1,45.0,→,-,0.0,0.88,0.88,57.6,0.0,31.0,-59.5,1.29,0.27,0.2,False,142,37.0,8.0,0.33,59,False,False,False,-,-
84,ATOM,KRW-ATOM,2372.0,44.0,↑,-,1.54,4.84,3.3,2449.0,0.55,53.5,-58.4,0.88,0.84,0.9,False,82,40.0,4.0,0.17,-2,False,False,False,-,-
85,CKB,KRW-CKB,1.78,44.0,↑,-,0.0,2.25,2.25,1.82,0.56,55.9,-61.8,2.31,0.21,0.09,True,36,46.0,-2.0,-0.08,-49,False,False,False,-,-
86,DOGE,KRW-DOGE,131.0,43.0,↑,-,3.15,3.94,0.79,132.0,0.77,56.3,-50.0,0.8,0.67,0.79,False,106,40.0,3.0,0.13,20,False,False,False,-,-
87,AI,KRW-AI,28.4,43.0,↑,-,1.43,2.14,0.71,28.6,0.71,58.5,-47.2,0.77,0.65,0.84,False,46,45.0,-2.0,-0.08,-41,False,False,False,-,-
88,JTO,KRW-JTO,768.0,43.0,→,-,-0.26,2.6,2.86,790.0,0.52,55.7,-42.5,0.76,0.64,0.86,False,139,37.0,6.0,0.25,51,False,False,False,-,-
89,RENDER,KRW-RENDER,2677.0,43.0,→,-,-0.96,0.0,0.96,2703.0,0.9,66.8,-29.9,0.62,0.61,1.09,False,75,41.0,2.0,0.08,-14,False,False,False,-,-
90,TREE,KRW-TREE,63.4,43.0,→,-,-0.16,2.2,2.36,64.9,0.32,50.5,-44.9,0.72,0.6,0.84,False,49,45.0,-2.0,-0.08,-41,False,False,False,-,-
91,AGLD,KRW-AGLD,286.0,43.0,→,-,-2.05,2.05,4.11,298.0,0.7,57.7,-55.6,0.77,0.56,0.7,False,40,45.0,-2.0,-0.08,-51,False,False,False,-,-
92,PENDLE,KRW-PENDLE,3306.0,43.0,↑,-,0.88,3.48,2.59,3391.0,0.7,58.1,-73.2,0.47,0.52,0.98,False,149,37.0,6.0,0.25,57,False,False,False,-,-
93,CC,KRW-CC,173.0,43.0,→,-,2.37,3.55,1.18,175.0,-0.57,51.4,-49.1,0.7,0.51,0.74,False,124,38.0,5.0,0.21,31,False,False,False,-,-
94,NEWT,KRW-NEWT,69.2,43.0,→,-,-0.14,1.01,1.15,70.0,0.29,58.7,-30.9,0.68,0.49,0.67,False,270,16.0,27.0,1.13,176,False,False,False,-,-
95,SIGN,KRW-SIGN,17.1,43.0,↓,-,-0.58,2.91,3.49,17.7,0.0,60.5,-56.4,0.58,0.47,0.87,False,87,40.0,3.0,0.13,-8,False,False,False,-,-
96,ENSO,KRW-ENSO,1348.0,43.0,→,-,2.51,3.65,1.14,1363.0,-0.15,45.8,-70.4,0.54,0.44,0.45,False,143,37.0,6.0,0.25,47,False,False,False,-,-
97,SOL,KRW-SOL,165200.0,43.0,↑,-,1.54,1.66,0.12,165400.0,0.61,59.6,-24.5,0.69,0.43,0.54,False,177,33.0,10.0,0.42,80,False,False,False,-,-
98,JUP,KRW-JUP,453.0,43.0,↑,-,1.57,2.47,0.9,457.0,1.12,58.6,-42.4,0.61,0.42,0.71,False,162,35.0,8.0,0.33,64,False,False,False,-,-
99,MOCA,KRW-MOCA,13.9,43.0,↓,-,0.0,3.6,3.6,14.4,-0.71,50.1,-52.0,0.63,0.42,0.63,False,74,41.0,2.0,0.08,-25,False,False,False,-,-
100,BREV,KRW-BREV,117.0,43.0,→,-,0.86,2.59,1.72,119.0,0.0,54.3,-68.8,0.47,0.42,0.74,False,118,40.0,3.0,0.13,18,False,False,False,-,-
101,LINEA,KRW-LINEA,3.89,43.0,→,-,0.52,3.1,2.58,3.99,0.26,54.2,-64.8,0.44,0.4,0.78,False,91,40.0,3.0,0.13,-10,False,False,False,-,-
102,ICP,KRW-ICP,4563.0,42.0,→,-,0.0,4.73,4.73,4779.0,0.29,71.5,-26.4,0.42,0.57,1.56,False,185,31.0,11.0,0.46,83,False,False,False,-,-
103,IOST,KRW-IOST,1.16,42.0,→,-,0.0,1.72,1.72,1.18,0.87,51.0,-89.3,0.65,0.5,0.77,False,161,35.0,7.0,0.29,58,False,False,False,-,-
104,TRUMP,KRW-TRUMP,2781.0,42.0,→,-,-0.11,0.54,0.65,2799.0,0.65,36.3,-65.5,0.75,0.42,0.32,False,24,52.0,-10.0,-0.42,-80,False,False,False,-,-
105,ZK,KRW-ZK,17.8,42.0,↑,-,-1.11,2.78,3.89,18.5,0.56,67.0,-25.7,2.26,0.42,0.19,True,58,44.0,-2.0,-0.08,-47,False,False,False,-,-
106,MEGA,KRW-MEGA,66.4,42.0,→,-,-2.06,1.47,3.54,68.8,-0.45,60.9,-47.2,1.78,0.33,0.11,True,27,50.0,-8.0,-0.33,-79,False,False,False,-,-
107,ASTR,KRW-ASTR,10.4,41.0,→,-,0.97,2.91,1.94,10.6,0.0,63.0,-12.7,0.92,0.85,0.85,False,76,41.0,0.0,0.0,-31,False,False,False,-,-
108,CRO,KRW-CRO,92.3,41.0,→,-,2.1,3.98,1.88,94.0,0.0,55.4,-38.5,0.54,0.43,0.49,False,84,40.0,1.0,0.04,-24,False,False,False,-,-
109,ETHFI,KRW-ETHFI,1004.0,40.0,↑,-,2.14,4.58,2.44,1028.0,0.7,57.0,-44.2,0.6,0.56,0.82,False,128,38.0,2.0,0.08,19,False,False,False,-,-
110,MET2,KRW-MET2,410.0,40.0,→,-,-0.97,4.83,5.8,434.0,1.23,53.2,-70.5,0.73,0.55,0.79,False,217,25.0,15.0,0.63,107,False,False,False,-,-
111,ZETA,KRW-ZETA,69.0,40.0,↑,-,2.99,5.67,2.69,70.8,0.29,58.6,-62.8,0.72,0.52,0.32,False,57,45.0,-5.0,-0.21,-54,False,False,False,-,-
112,KAT,KRW-KAT,6.5,40.0,→,-,-0.15,2.76,2.92,6.69,0.46,42.9,-76.6,0.54,0.47,0.76,False,104,40.0,0.0,0.0,-8,False,False,False,-,-
113,FOLD,KRW-FOLD,95.0,40.0,↓,-,-5.0,1.0,6.0,101.0,-0.21,41.1,-33.6,0.96,0.43,0.44,False,14,59.0,-19.0,-0.79,-99,False,False,False,-,-
114,PIEVERSE,KRW-PIEVERSE,1815.0,40.0,↓,-,-1.31,0.49,1.79,1848.0,0.0,47.5,-97.6,0.45,0.43,1.01,False,189,30.0,10.0,0.42,75,False,False,False,-,-
115,DOT,KRW-DOT,1636.0,40.0,↑,-,1.68,4.16,2.49,1676.0,1.05,61.3,-45.3,0.62,0.43,0.58,False,80,40.0,0.0,0.0,-35,False,False,False,-,-
116,ZBT,KRW-ZBT,117.0,40.0,→,-,0.0,1.71,1.71,119.0,0.86,49.3,-57.9,0.56,0.4,0.64,False,95,40.0,0.0,0.0,-21,False,False,False,-,-
117,AVNT,KRW-AVNT,172.0,40.0,→,-,-1.15,1.72,2.87,177.0,1.18,63.0,-41.5,0.53,0.37,0.67,False,126,38.0,2.0,0.08,9,False,False,False,-,-
118,BSV,KRW-BSV,27220.0,40.0,→,-,0.7,1.74,1.04,27500.0,0.52,58.1,-60.0,0.75,0.33,0.43,False,245,23.0,17.0,0.71,127,False,False,False,-,-
119,HUNT,KRW-HUNT,139.0,40.0,↓,-,-0.71,0.0,0.71,140.0,-0.71,62.4,-54.5,0.49,0.32,0.61,False,78,41.0,-1.0,-0.04,-41,False,False,False,-,-
120,NXPC,KRW-NXPC,318.0,40.0,↓,-,-0.62,1.56,2.19,325.0,0.0,51.9,-76.6,0.46,0.32,0.66,False,117,40.0,0.0,0.0,-3,False,False,False,-,-
121,POL,KRW-POL,148.0,40.0,↓,-,-1.33,0.67,2.0,151.0,0.0,52.6,-66.7,0.49,0.32,0.46,False,136,38.0,2.0,0.08,15,False,False,False,-,-
122,ETH,KRW-ETH,3685000.0,40.0,→,-,0.93,0.93,0.0,3685000.0,0.66,54.7,-46.0,0.81,0.31,0.31,False,100,40.0,0.0,0.0,-22,False,False,False,-,-
123,DATA,KRW-DATA,286.0,40.0,↓,-,-1.72,0.34,2.06,292.0,0.0,58.2,-76.3,0.68,0.31,0.39,False,41,45.0,-5.0,-0.21,-82,False,False,False,-,-
124,MED,KRW-MED,2.42,40.0,→,-,1.26,1.67,0.42,2.43,0.41,58.4,-60.7,0.43,0.31,0.6,False,101,40.0,0.0,0.0,-23,False,False,False,-,-
125,SPX,KRW-SPX,597.0,40.0,→,-,-1.32,0.5,1.82,608.0,0.17,49.4,-67.5,0.45,0.3,0.31,False,167,35.0,5.0,0.21,42,False,False,False,-,-
126,STRAX,KRW-STRAX,15.5,40.0,↓,-,0.0,1.29,1.29,15.7,0.0,61.5,-52.4,0.61,0.3,0.39,False,42,45.0,-5.0,-0.21,-84,False,False,False,-,-
127,PEPE,KRW-PEPE,0.00593,40.0,→,-,1.19,1.19,0.0,0.00593,1.19,55.2,-72.1,0.86,0.28,0.25,False,51,45.0,-5.0,-0.21,-76,False,False,False,-,-
128,LAYER,KRW-LAYER,106.0,40.0,↓,-,-0.93,0.0,0.93,107.0,0.0,58.1,-69.6,0.44,0.27,0.47,False,92,40.0,0.0,0.0,-36,False,False,False,-,-
129,POLYX,KRW-POLYX,57.6,40.0,→,-,-0.17,0.35,0.52,57.9,0.17,56.4,-71.1,0.45,0.27,0.56,False,54,45.0,-5.0,-0.21,-75,False,False,False,-,-
130,XEC,KRW-XEC,0.0111,40.0,↑,-,0.91,1.82,0.91,0.0112,0.91,51.8,-79.3,0.71,0.26,0.3,False,252,20.0,20.0,0.83,122,False,False,False,-,-
131,BIO,KRW-BIO,41.5,40.0,→,-,-1.89,0.71,2.6,42.6,0.97,51.5,-53.8,0.46,0.25,0.46,False,131,38.0,2.0,0.08,0,False,False,False,-,-
132,T,KRW-T,7.45,40.0,→,-,-0.53,1.07,1.6,7.57,0.4,61.1,-57.7,0.47,0.25,0.56,False,23,52.0,-12.0,-0.5,-109,False,False,False,-,-
133,XRP,KRW-XRP,2054.0,40.0,↑,-,1.68,1.93,0.25,2059.0,0.64,53.6,-55.2,0.57,0.25,0.37,False,114,40.0,0.0,0.0,-19,False,False,False,-,-
134,SAHARA,KRW-SAHARA,12.5,40.0,→,-,-0.79,0.79,1.59,12.7,0.81,47.4,-76.5,0.49,0.25,0.44,False,88,40.0,0.0,0.0,-46,False,False,False,-,-
135,ARB,KRW-ARB,277.0,40.0,↑,-,1.09,1.82,0.73,279.0,1.09,57.7,-77.9,0.43,0.24,0.48,False,199,27.0,13.0,0.54,64,False,False,False,-,-
136,ELF,KRW-ELF,104.0,40.0,↓,-,0.0,0.96,0.96,105.0,0.0,58.4,-46.5,0.44,0.24,0.47,False,53,45.0,-5.0,-0.21,-83,False,False,False,-,-
137,RLUSD,KRW-RLUSD,1353.0,40.0,→,-,-0.29,0.29,0.59,1361.0,0.15,47.8,-62.2,0.64,0.23,0.26,False,148,37.0,3.0,0.13,11,False,False,False,-,-
138,AVAX,KRW-AVAX,15030.0,40.0,→,-,-0.46,0.33,0.79,15150.0,0.74,64.6,-50.4,0.49,0.23,0.34,False,183,31.0,9.0,0.38,45,False,False,False,-,-
139,CAP,KRW-CAP,87.9,40.0,→,-,-6.59,0.64,7.23,94.7,0.23,58.5,-54.4,1.0,0.23,0.14,False,17,57.0,-17.0,-0.71,-122,False,False,False,-,-
140,MTL,KRW-MTL,430.0,40.0,→,-,-0.46,0.23,0.69,433.0,0.94,54.4,-73.9,0.39,0.23,0.45,False,90,40.0,0.0,0.0,-50,False,False,False,-,-
141,ENA,KRW-ENA,326.0,40.0,→,-,0.31,1.23,0.92,329.0,0.93,63.1,-57.5,0.48,0.23,0.36,False,132,38.0,2.0,0.08,-9,False,False,False,-,-
142,ENS,KRW-ENS,9275.0,40.0,→,-,-0.32,0.54,0.86,9355.0,1.03,54.1,-57.8,0.48,0.23,0.38,False,112,40.0,0.0,0.0,-30,False,False,False,-,-
143,BCH,KRW-BCH,431400.0,40.0,→,-,-0.6,0.41,1.01,435800.0,0.77,63.9,-41.8,0.47,0.22,0.42,False,219,25.0,15.0,0.63,76,False,False,False,-,-
144,QTUM,KRW-QTUM,1342.0,40.0,→,-,-0.67,0.67,1.33,1360.0,0.6,57.2,-66.3,0.4,0.22,0.57,False,109,40.0,0.0,0.0,-35,False,False,False,-,-
145,LINK,KRW-LINK,19330.0,40.0,↑,-,0.73,0.89,0.16,19360.0,0.83,59.3,-42.5,0.49,0.22,0.39,False,127,38.0,2.0,0.08,-18,False,False,False,-,-
146,SNT,KRW-SNT,11.7,40.0,→,-,0.0,0.0,0.0,11.7,0.86,57.3,-47.1,0.54,0.22,0.35,False,110,40.0,0.0,0.0,-36,False,False,False,-,-
147,ONDO,KRW-ONDO,673.0,40.0,→,-,-1.32,0.29,1.61,684.0,1.05,57.3,-55.9,0.37,0.21,0.47,False,97,40.0,0.0,0.0,-50,False,False,False,-,-
148,XPL,KRW-XPL,131.0,40.0,→,-,0.77,1.54,0.77,132.0,0.77,50.7,-76.6,0.55,0.19,0.29,False,135,38.0,2.0,0.08,-13,False,False,False,-,-
149,VIRTUAL,KRW-VIRTUAL,1137.0,39.0,↑,-,4.89,9.04,4.15,1182.0,0.62,61.6,-16.8,0.78,0.89,1.29,False,123,38.0,1.0,0.04,-26,False,False,False,-,-
150,QUID,KRW-QUID,87.0,39.0,→,-,-2.36,0.11,2.47,89.2,0.12,44.3,-85.7,0.62,0.52,0.89,False,140,37.0,2.0,0.08,-10,False,False,False,-,-
151,WLFI,KRW-WLFI,74.5,39.0,↓,-,-0.4,1.2,1.6,75.7,-0.13,39.4,-84.0,0.62,0.51,0.75,False,71,42.0,-3.0,-0.13,-80,False,False,False,-,-
152,LA,KRW-LA,91.3,39.0,↑,-,0.22,1.43,1.21,92.4,0.33,40.3,-86.2,0.61,0.44,0.5,False,144,37.0,2.0,0.08,-8,False,False,False,-,-
153,BARD,KRW-BARD,184.0,39.0,→,-,-1.08,1.08,2.15,188.0,1.1,41.6,-80.6,0.67,0.44,0.61,False,52,45.0,-6.0,-0.25,-101,False,False,False,-,-
154,CHIP,KRW-CHIP,66.4,38.0,↑,-,10.67,11.5,0.83,66.9,1.07,65.3,-29.5,0.75,1.06,1.82,False,105,40.0,-2.0,-0.08,-49,False,False,False,-,-
155,SHIB,KRW-SHIB,0.00808,38.0,↑,-,3.32,4.48,1.15,0.00817,0.37,64.1,-36.7,0.73,0.53,0.69,False,50,45.0,-7.0,-0.29,-105,False,False,False,-,-
156,VVV,KRW-VVV,40880.0,38.0,↑,-,6.9,7.22,0.31,41000.0,2.02,60.1,-52.5,1.08,0.4,0.35,False,55,45.0,-7.0,-0.29,-101,False,False,False,-,-
157,BABY,KRW-BABY,18.5,38.0,→,-,1.09,1.64,0.55,18.6,0.0,50.3,-32.6,0.39,0.39,0.94,False,137,38.0,0.0,0.0,-20,False,False,False,-,-
158,CTC,KRW-CTC,157.0,38.0,→,-,0.0,2.55,2.55,161.0,1.29,61.7,-45.8,0.64,0.38,0.32,False,25,52.0,-14.0,-0.58,-133,False,False,False,-,-
159,PENGU,KRW-PENGU,13.0,38.0,↑,-,3.17,3.97,0.79,13.1,0.78,53.4,-47.7,0.78,0.37,0.43,False,83,40.0,-2.0,-0.08,-76,False,False,False,-,-
160,MBL,KRW-MBL,1.11,38.0,→,-,0.91,2.73,1.82,1.13,0.91,60.1,-66.7,0.47,0.35,0.43,False,102,40.0,-2.0,-0.08,-58,False,False,False,-,-
161,AHT,KRW-AHT,1.58,38.0,→,-,1.94,2.58,0.65,1.59,0.0,63.2,-75.0,0.39,0.33,0.93,False,151,37.0,1.0,0.04,-10,False,False,False,-,-
162,GLM,KRW-GLM,174.0,38.0,↓,-,-1.69,0.0,1.69,177.0,0.0,56.9,-35.0,0.62,0.33,0.48,False,125,38.0,0.0,0.0,-37,False,False,False,-,-
163,POWR,KRW-POWR,93.4,38.0,→,-,-0.95,0.32,1.27,94.6,0.43,63.8,-36.6,0.44,0.29,0.57,False,263,18.0,20.0,0.83,100,False,False,False,-,-
164,SUN,KRW-SUN,23.4,38.0,↑,-,0.43,0.43,0.0,23.4,0.86,46.7,-23.5,0.53,0.29,0.47,False,169,35.0,3.0,0.13,5,False,False,False,-,-
165,MMT,KRW-MMT,253.0,38.0,→,-,-2.69,0.0,2.69,260.0,0.4,61.5,-26.7,0.62,0.26,0.35,False,187,30.0,8.0,0.33,22,False,False,False,-,-
166,SOON,KRW-SOON,483.0,38.0,→,-,-4.17,2.58,6.75,517.0,0.21,59.0,-54.8,0.42,0.21,0.27,False,163,35.0,3.0,0.13,-3,False,False,False,-,-
167,TOSHI,KRW-TOSHI,0.169,37.0,↓,-,-1.74,3.49,5.23,0.178,-0.59,47.9,-73.0,0.8,0.96,1.4,True,203,25.0,12.0,0.5,36,False,False,False,-,-
168,PROVE,KRW-PROVE,286.0,37.0,→,-,-2.39,0.68,3.07,295.0,0.35,44.0,-98.4,0.66,0.72,1.05,False,190,30.0,7.0,0.29,22,False,False,False,-,-
169,LIT,KRW-LIT,4948.0,37.0,↑,-,2.17,3.96,1.8,5035.0,0.84,35.3,-89.9,0.76,0.62,0.81,False,237,23.0,14.0,0.58,68,False,False,False,-,-
170,ORDER,KRW-ORDER,52.2,37.0,→,-,-2.43,0.37,2.8,53.7,0.58,45.5,-83.9,0.41,0.37,0.95,False,108,40.0,-3.0,-0.13,-62,False,False,False,-,-
171,ERA,KRW-ERA,88.5,37.0,→,-,-0.34,0.23,0.56,89.0,0.57,43.1,-73.2,0.41,0.22,0.37,False,178,33.0,4.0,0.17,7,False,False,False,-,-
172,SAFE,KRW-SAFE,153.0,36.0,→,-,2.0,6.67,4.67,160.0,0.0,58.2,-55.9,0.74,0.57,0.39,False,18,55.0,-19.0,-0.79,-154,False,False,False,-,-
173,RE,KRW-RE,696.0,36.0,→,-,0.72,2.17,1.45,706.0,-0.29,57.8,-30.6,0.61,0.39,0.27,False,19,55.0,-19.0,-0.79,-154,False,False,False,-,-
174,XLM,KRW-XLM,302.0,36.0,↑,-,3.07,3.07,0.0,302.0,1.68,60.8,-35.2,0.39,0.22,0.41,False,107,40.0,-4.0,-0.17,-67,False,False,False,-,-
175,TRX,KRW-TRX,455.0,35.0,↓,-,-0.22,0.22,0.44,457.0,-0.22,34.3,-81.8,0.74,0.43,0.5,False,68,42.0,-7.0,-0.29,-107,False,False,False,-,-
176,MVL,KRW-MVL,1.51,35.0,↓,-,0.0,1.32,1.32,1.53,-0.66,67.4,-78.6,0.43,0.3,0.62,False,93,40.0,-5.0,-0.21,-83,False,False,False,-,-
177,SPK,KRW-SPK,33.6,35.0,→,-,-1.75,2.34,4.09,35.0,-0.3,63.2,-47.5,1.27,0.3,0.23,True,69,42.0,-7.0,-0.29,-108,False,False,False,-,-
178,ARK,KRW-ARK,302.0,35.0,→,-,-3.51,4.15,7.67,326.0,0.33,57.5,-68.6,0.53,0.26,0.34,False,273,15.0,20.0,0.83,95,False,False,False,-,-
179,UNI,KRW-UNI,12240.0,35.0,→,-,-0.41,0.81,1.22,12390.0,0.41,67.2,-76.2,0.61,0.24,0.3,False,43,45.0,-10.0,-0.42,-136,False,False,False,-,-
180,IQ,KRW-IQ,1.24,35.0,→,-,0.81,0.81,0.0,1.24,0.81,69.6,-61.1,0.28,0.19,0.58,False,116,40.0,-5.0,-0.21,-64,False,False,False,-,-
181,ONG,KRW-ONG,122.0,35.0,↓,-,-1.61,0.0,1.61,124.0,0.0,65.8,-71.4,0.32,0.19,0.41,False,152,37.0,-2.0,-0.08,-29,False,False,False,-,-
182,PUMP,KRW-PUMP,8.81,34.0,→,-,3.53,8.34,4.82,9.22,1.03,70.1,-10.1,0.94,1.05,1.19,False,235,24.0,10.0,0.42,53,False,False,False,-,-
183,GRVT,KRW-GRVT,297.0,34.0,→,-,1.02,4.08,3.06,306.0,-0.34,59.3,-16.1,0.6,0.49,0.78,False,174,34.0,0.0,0.0,-9,False,False,False,-,-
184,O,KRW-O,691.0,34.0,↓,-,-1.0,0.86,1.86,704.0,-0.14,41.1,-87.4,0.48,0.25,0.38,False,173,34.0,0.0,0.0,-11,False,False,False,-,-
185,F,KRW-F,4.67,34.0,→,-,-1.06,-0.21,0.85,4.71,0.21,44.9,-85.7,0.39,0.21,0.41,False,188,30.0,4.0,0.17,3,False,False,False,-,-
186,OPG,KRW-OPG,183.0,33.0,→,-,2.81,5.62,2.81,188.0,0.0,65.7,-46.0,0.64,0.82,1.88,True,205,25.0,8.0,0.33,19,False,False,False,-,-
187,WAL,KRW-WAL,49.1,33.0,↑,-,2.94,4.82,1.89,50.0,0.41,65.4,-36.3,0.62,0.55,0.91,False,62,43.0,-10.0,-0.42,-125,False,False,False,-,-
188,MANTRA,KRW-MANTRA,6.96,33.0,↑,-,1.46,7.73,6.27,7.39,0.14,57.4,-74.6,0.31,0.54,2.87,True,221,25.0,8.0,0.33,33,False,False,False,-,-
189,ADA,KRW-ADA,348.0,33.0,↑,-,4.82,5.12,0.3,349.0,1.46,65.6,-22.0,0.77,0.54,0.62,False,85,40.0,-7.0,-0.29,-104,False,False,False,-,-
190,EUL,KRW-EUL,1930.0,33.0,↓,-,-0.92,2.16,3.08,1990.0,-0.1,56.6,-66.7,0.43,0.53,1.33,True,257,20.0,13.0,0.54,67,False,False,False,-,-
191,RAY,KRW-RAY,2870.0,33.0,↑,-,1.49,4.17,2.69,2946.0,1.27,67.9,-33.5,0.72,0.4,0.6,False,120,38.0,-5.0,-0.21,-71,False,False,False,-,-
192,DOS,KRW-DOS,290.0,33.0,→,-,0.0,1.38,1.38,294.0,0.35,32.8,-70.7,0.5,0.3,0.52,False,208,25.0,8.0,0.33,16,False,False,False,-,-
193,ORBS,KRW-ORBS,10.1,33.0,↑,-,1.2,1.2,0.0,10.1,1.0,68.6,-37.4,0.34,0.21,0.41,False,113,40.0,-7.0,-0.29,-80,False,False,False,-,-
194,MOC,KRW-MOC,30.8,33.0,→,-,0.65,1.63,0.98,31.1,0.0,71.5,-35.5,0.41,0.21,0.45,False,176,33.0,0.0,0.0,-18,False,False,False,-,-
195,SYRUP,KRW-SYRUP,350.0,32.0,→,-,0.0,2.86,2.86,360.0,0.29,70.4,-11.4,0.59,0.5,0.72,False,268,16.0,16.0,0.67,73,False,False,False,-,-
196,SLX,KRW-SLX,83.5,32.0,→,-,-1.76,0.24,2.0,85.2,0.12,36.1,-96.6,0.59,0.48,0.79,False,198,27.0,5.0,0.21,2,False,False,False,-,-
197,FLOCK,KRW-FLOCK,87.1,32.0,→,-,1.4,3.96,2.56,89.3,0.35,42.9,-89.8,0.41,0.35,0.77,False,168,35.0,-3.0,-0.13,-29,False,False,False,-,-
198,PYTH,KRW-PYTH,105.0,31.0,↓,-,-0.94,3.77,4.72,110.0,0.0,67.3,-39.9,0.43,0.23,0.42,False,181,31.0,0.0,0.0,-17,False,False,False,-,-
199,GAME2,KRW-GAME2,1.37,31.0,↓,-,0.0,0.73,0.73,1.38,0.0,59.0,-85.3,0.12,0.17,1.83,True,250,22.0,9.0,0.38,51,False,False,False,-,-
200,FF,KRW-FF,155.0,30.0,↓,-,-1.27,4.46,5.73,164.0,0.0,52.2,-100.0,0.53,0.48,0.96,False,200,27.0,3.0,0.13,0,False,False,False,-,-
201,BTC,KRW-BTC,116943000.0,30.0,↑,-,1.53,1.68,0.16,117123000.0,0.62,60.6,-9.9,0.84,0.38,0.37,False,130,38.0,-8.0,-0.33,-71,False,False,False,-,-
202,PROS,KRW-PROS,1096.0,29.0,↑,-,12.18,16.27,4.09,1136.0,0.09,78.7,-9.2,0.79,2.25,3.88,False,265,18.0,11.0,0.46,63,False,False,False,-,-
203,B3,KRW-B3,1.13,29.0,↑,-,6.6,17.92,11.32,1.25,0.89,65.2,-42.3,0.41,0.95,7.22,True,229,25.0,4.0,0.17,26,False,False,False,-,-
204,STX,KRW-STX,527.0,29.0,↑,-,0.96,7.09,6.13,559.0,0.76,71.5,-22.4,0.61,0.59,0.44,False,180,31.0,-2.0,-0.08,-24,False,False,False,-,-
205,SUI,KRW-SUI,1635.0,29.0,↑,-,1.62,6.46,4.85,1713.0,0.74,68.2,-22.2,0.66,0.58,0.83,False,175,33.0,-4.0,-0.17,-30,False,False,False,-,-
206,MON,KRW-MON,45.4,29.0,→,-,-1.09,4.79,5.88,48.1,1.11,68.1,-19.6,0.63,0.49,0.36,False,197,27.0,2.0,0.08,-9,False,False,False,-,-
207,WLD,KRW-WLD,786.0,29.0,→,-,-3.08,0.62,3.7,816.0,0.77,65.5,-18.9,0.79,0.4,0.42,False,202,26.0,3.0,0.13,-5,False,False,False,-,-
208,PLUME,KRW-PLUME,25.6,29.0,↑,-,4.92,6.56,1.64,26.0,0.79,62.6,-33.3,0.43,0.26,0.22,False,56,45.0,-16.0,-0.67,-152,False,False,False,-,-
209,TAIKO,KRW-TAIKO,126.0,29.0,→,-,1.61,4.03,2.42,129.0,0.8,59.7,-77.3,0.18,0.23,1.71,True,244,23.0,6.0,0.25,35,False,False,False,-,-
210,MOVE,KRW-MOVE,13.8,28.0,↓,-,0.0,2.9,2.9,14.2,0.0,66.6,-33.3,1.13,0.6,0.26,True,13,63.0,-35.0,-1.46,-197,False,False,False,-,-
211,SEI,KRW-SEI,101.0,28.0,↑,-,3.7,5.75,2.05,103.0,2.23,70.6,-37.9,0.48,0.39,0.78,False,184,31.0,-3.0,-0.13,-27,False,False,False,-,-
212,NEAR,KRW-NEAR,6710.0,28.0,→,-,2.13,4.03,1.9,6835.0,0.98,65.3,-37.3,0.5,0.34,0.48,False,160,36.0,-8.0,-0.33,-52,False,False,False,-,-
213,G,KRW-G,6.51,28.0,→,-,1.24,2.02,0.78,6.56,0.0,47.4,-93.5,0.44,0.28,0.54,False,191,30.0,-2.0,-0.08,-22,False,False,False,-,-
214,JST,KRW-JST,189.0,25.0,→,-,0.53,1.6,1.06,191.0,-0.53,77.0,-4.9,0.66,0.75,0.8,False,259,19.0,6.0,0.25,45,False,False,False,-,-
215,SKR,KRW-SKR,24.4,25.0,→,-,1.67,2.5,0.83,24.6,-0.41,18.5,-88.7,0.57,0.49,0.7,False,194,28.0,-3.0,-0.13,-21,False,False,False,-,-
216,PRL,KRW-PRL,157.0,25.0,→,-,-1.26,0.0,1.26,159.0,0.64,28.6,-70.0,0.49,0.39,0.81,False,207,25.0,0.0,0.0,-9,False,False,False,-,-
217,RVN,KRW-RVN,3.33,25.0,→,-,-0.3,1.2,1.5,3.38,0.3,48.2,-63.2,0.79,0.32,0.17,True,73,42.0,-17.0,-0.71,-144,False,False,False,-,-
218,PUNDIX,KRW-PUNDIX,166.0,25.0,→,-,-0.6,1.2,1.8,169.0,0.61,56.9,-63.9,0.34,0.28,0.46,True,240,23.0,2.0,0.08,22,False,False,False,-,-
219,ARKM,KRW-ARKM,180.0,25.0,→,-,-0.55,0.55,1.1,182.0,1.12,61.4,-55.2,0.29,0.23,0.72,True,243,23.0,2.0,0.08,24,False,False,False,-,-
220,AXL,KRW-AXL,72.6,25.0,→,-,-3.07,0.13,3.2,75.0,0.69,53.6,-51.4,0.31,0.2,0.56,True,284,8.0,17.0,0.71,64,False,False,False,-,-
221,ETC,KRW-ETC,12140.0,25.0,→,-,0.91,0.91,0.0,12140.0,0.66,56.7,-75.9,0.36,0.19,0.45,True,214,25.0,0.0,0.0,-7,False,False,False,-,-
222,BERA,KRW-BERA,308.0,25.0,→,-,-0.96,1.29,2.25,315.0,0.98,52.8,-66.2,0.37,0.17,0.28,True,209,25.0,0.0,0.0,-13,False,False,False,-,-
223,GAS,KRW-GAS,1935.0,25.0,→,-,-0.15,0.26,0.41,1943.0,0.36,59.5,-70.2,0.3,0.17,0.5,True,213,25.0,0.0,0.0,-10,False,False,False,-,-
224,MOODENG,KRW-MOODENG,63.1,25.0,→,-,0.16,0.79,0.63,63.5,0.64,54.5,-74.6,0.31,0.17,0.37,True,210,25.0,0.0,0.0,-14,False,False,False,-,-
225,ANKR,KRW-ANKR,6.72,25.0,→,-,-0.3,0.74,1.04,6.79,0.75,59.3,-73.8,0.29,0.16,0.47,True,206,25.0,0.0,0.0,-19,False,False,False,-,-
226,QKC,KRW-QKC,3.8,25.0,→,-,-0.52,0.0,0.52,3.82,0.8,59.9,-75.8,0.38,0.14,0.07,True,37,46.0,-21.0,-0.88,-189,False,False,False,-,-
227,IN,KRW-IN,49.8,25.0,→,-,-0.8,1.39,2.19,50.9,0.4,50.9,-72.7,0.19,0.13,0.59,True,228,25.0,0.0,0.0,1,False,False,False,-,-
228,USDE,KRW-USDE,1353.0,25.0,↓,-,0.0,0.59,0.59,1361.0,-0.15,49.9,-55.9,0.28,0.12,0.39,True,248,22.0,3.0,0.13,20,False,False,False,-,-
229,HIVE,KRW-HIVE,77.5,25.0,↑,-,0.78,1.3,0.52,77.9,0.13,62.6,-57.8,0.17,0.12,0.73,True,223,25.0,0.0,0.0,-6,False,False,False,-,-
230,KAVA,KRW-KAVA,93.1,25.0,→,-,-0.21,0.32,0.54,93.6,0.0,59.7,-72.6,0.23,0.12,0.37,True,239,23.0,2.0,0.08,9,False,False,False,-,-
231,GRT,KRW-GRT,39.0,25.0,→,-,1.3,1.56,0.26,39.1,1.04,61.9,-53.5,0.21,0.1,0.38,True,215,25.0,0.0,0.0,-16,False,False,False,-,-
232,SOMI,KRW-SOMI,291.0,25.0,→,-,0.0,1.72,1.72,296.0,0.34,56.7,-67.6,0.22,0.1,0.23,True,277,15.0,10.0,0.42,45,False,False,False,-,-
233,ARDR,KRW-ARDR,40.9,25.0,→,-,0.49,0.49,0.0,40.9,0.25,62.0,-68.6,0.15,0.09,0.31,True,220,25.0,0.0,0.0,-13,False,False,False,-,-
234,0G,KRW-0G,403.0,25.0,→,-,-0.98,0.25,1.23,408.0,0.5,53.2,-45.8,0.16,0.08,0.24,True,283,10.0,15.0,0.63,49,False,False,False,-,-
235,KMNO,KRW-KMNO,54.8,25.0,→,-,-0.36,1.27,1.64,55.7,0.55,57.9,-57.5,0.12,0.08,0.6,True,234,25.0,0.0,0.0,-1,False,False,False,-,-
236,KERNEL,KRW-KERNEL,74.1,25.0,→,-,0.0,0.4,0.4,74.4,0.27,61.2,-58.0,0.14,0.08,0.39,True,232,25.0,0.0,0.0,-4,False,False,False,-,-
237,XCN,KRW-XCN,6.49,25.0,↓,-,-1.96,0.45,2.42,6.65,0.0,54.7,-58.1,0.21,0.08,0.21,True,138,38.0,-13.0,-0.54,-99,False,False,False,-,-
238,COW,KRW-COW,213.0,25.0,→,-,-3.18,0.45,3.64,221.0,0.47,57.6,-68.5,0.09,0.07,0.57,True,266,18.0,7.0,0.29,28,False,False,False,-,-
239,IRYS,KRW-IRYS,21.5,25.0,→,-,-1.83,0.91,2.74,22.1,0.94,45.6,-70.5,0.11,0.07,0.45,True,231,25.0,0.0,0.0,-8,False,False,False,-,-
240,EGLD,KRW-EGLD,7010.0,25.0,↓,-,-0.07,1.28,1.35,7105.0,0.0,56.1,-67.7,0.15,0.06,0.31,True,230,25.0,0.0,0.0,-10,False,False,False,-,-
241,HP,KRW-HP,13.3,25.0,↓,-,-0.75,0.0,0.75,13.4,-0.75,62.6,-67.3,0.17,0.06,0.11,True,226,25.0,0.0,0.0,-15,False,False,False,-,-
242,COMP,KRW-COMP,33870.0,25.0,→,-,-1.28,0.9,2.19,34620.0,0.24,64.7,-50.3,0.15,0.04,0.22,True,285,8.0,17.0,0.71,43,False,False,False,-,-
243,STEEM,KRW-STEEM,86.3,25.0,→,-,-0.46,0.0,0.46,86.7,0.23,61.2,-51.2,0.07,0.04,0.46,True,258,20.0,5.0,0.21,15,False,False,False,-,-
244,ICX,KRW-ICX,20.5,24.0,→,-,0.0,11.22,11.22,22.8,0.49,60.6,-79.8,1.1,0.72,0.23,True,32,48.0,-24.0,-1.0,-212,False,False,False,-,-
245,AAVE,KRW-AAVE,242300.0,24.0,→,-,-1.86,0.77,2.63,248800.0,0.75,73.2,-17.1,0.75,0.31,0.27,False,196,27.0,-3.0,-0.13,-49,False,False,False,-,-
246,BLUR,KRW-BLUR,29.5,23.0,↑,-,0.68,4.1,3.41,30.5,0.34,63.2,-30.6,0.95,0.6,0.58,True,28,49.0,-26.0,-1.08,-218,False,False,False,-,-
247,TRAC,KRW-TRAC,620.0,23.0,→,-,-2.36,3.62,5.98,658.0,0.81,74.5,-36.6,1.21,0.31,0.14,True,21,52.0,-29.0,-1.21,-226,False,False,False,-,-
248,WAVES,KRW-WAVES,409.0,23.0,→,-,2.51,3.51,1.0,413.0,0.0,60.8,-44.3,0.56,0.25,0.31,True,242,23.0,0.0,0.0,-6,False,False,False,-,-
249,CELO,KRW-CELO,135.0,23.0,↓,-,-0.74,2.21,2.94,139.0,-0.74,65.0,-62.2,0.31,0.24,0.55,True,254,20.0,3.0,0.13,5,False,False,False,-,-
250,AUCTION,KRW-AUCTION,5045.0,23.0,→,-,-0.3,2.57,2.87,5190.0,0.2,46.3,-70.6,0.3,0.22,0.76,True,255,20.0,3.0,0.13,5,False,False,False,-,-
251,SONIC,KRW-SONIC,37.4,23.0,→,-,1.36,2.17,0.81,37.7,0.0,64.3,-41.8,0.28,0.2,0.68,True,241,23.0,0.0,0.0,-10,False,False,False,-,-
252,HBAR,KRW-HBAR,141.0,23.0,→,-,2.17,2.17,0.0,141.0,0.71,60.8,-59.7,0.36,0.18,0.37,True,211,25.0,-2.0,-0.08,-41,False,False,False,-,-
253,WIF,KRW-WIF,346.0,23.0,↑,-,0.87,1.75,0.87,349.0,0.29,62.9,-35.1,0.66,0.13,0.18,True,186,31.0,-8.0,-0.33,-67,False,False,False,-,-
254,CBK,KRW-CBK,296.0,23.0,→,-,0.34,2.37,2.03,302.0,0.0,64.2,-64.7,0.15,0.12,0.6,True,218,25.0,-2.0,-0.08,-36,False,False,False,-,-
255,CVC,KRW-CVC,41.5,23.0,→,-,1.97,2.95,0.98,41.9,-0.24,63.4,-49.2,0.13,0.08,0.28,True,227,25.0,-2.0,-0.08,-28,False,False,False,-,-
256,ZORA,KRW-ZORA,10.5,22.0,↓,-,0.0,1.9,1.9,10.7,0.0,28.8,-86.2,0.48,0.34,0.64,False,150,37.0,-15.0,-0.63,-106,False,False,False,-,-
257,CP,KRW-CP,16.9,22.0,→,-,-0.59,0.59,1.18,17.1,0.0,16.9,-83.9,0.56,0.31,0.48,False,195,27.0,-5.0,-0.21,-62,False,False,False,-,-
258,DOOD,KRW-DOOD,2.35,22.0,↓,-,-0.42,1.69,2.12,2.4,0.0,49.6,-89.8,0.43,0.29,0.63,True,274,15.0,7.0,0.29,16,False,False,False,-,-
259,ELSA,KRW-ELSA,75.3,22.0,↑,-,1.89,4.19,2.3,77.0,0.67,50.3,-81.2,0.24,0.27,1.49,True,276,15.0,7.0,0.29,17,False,False,False,-,-
260,NCT,KRW-NCT,13.5,22.0,→,-,-0.74,0.0,0.74,13.6,0.0,25.5,-87.5,0.54,0.24,0.36,False,275,15.0,7.0,0.29,15,False,False,False,-,-
261,CYBER,KRW-CYBER,429.0,22.0,→,-,0.0,1.4,1.4,435.0,0.23,42.7,-79.0,0.48,0.22,0.08,True,67,43.0,-21.0,-0.88,-194,False,False,False,-,-
262,TRUST,KRW-TRUST,82.3,22.0,→,-,-1.44,0.0,1.44,83.5,0.24,44.6,-79.1,0.1,0.04,0.27,True,222,25.0,-3.0,-0.13,-40,False,False,False,-,-
263,XAUT,KRW-XAUT,5600000.0,20.0,↓,-,-0.43,0.2,0.62,5635000.0,-0.21,25.4,-99.0,0.66,0.55,0.95,False,238,23.0,-3.0,-0.13,-25,False,False,False,-,-
264,CRV,KRW-CRV,509.0,20.0,→,-,-1.74,0.19,1.93,519.0,0.59,65.1,-43.1,0.37,0.3,0.43,True,269,16.0,4.0,0.17,5,False,False,False,-,-
265,FIL,KRW-FIL,1427.0,20.0,→,-,-1.45,0.35,1.8,1453.0,0.56,67.6,-58.2,0.43,0.27,0.47,True,164,35.0,-15.0,-0.63,-101,False,False,False,-,-
266,AWE,KRW-AWE,95.0,20.0,↑,-,1.71,4.6,2.89,97.7,0.32,53.5,-45.9,0.26,0.24,0.58,True,212,25.0,-5.0,-0.21,-54,False,False,False,-,-
267,ZIL,KRW-ZIL,4.49,20.0,→,-,-0.66,0.88,1.55,4.56,0.0,66.1,-75.9,0.42,0.22,0.36,True,267,17.0,3.0,0.13,0,False,False,False,-,-
268,BTT,KRW-BTT,0.000508,20.0,→,-,-0.39,0.2,0.59,0.000511,0.4,69.1,-61.1,0.28,0.22,0.57,True,256,20.0,0.0,0.0,-12,False,False,False,-,-
269,FCT2,KRW-FCT2,13.1,20.0,→,-,0.77,0.77,0.0,13.1,0.0,65.7,-52.2,0.81,0.17,0.14,True,146,37.0,-17.0,-0.71,-123,False,False,False,-,-
270,WAXP,KRW-WAXP,8.53,20.0,↑,-,2.16,4.19,2.04,8.7,0.47,58.8,-50.4,0.14,0.07,0.58,True,170,35.0,-15.0,-0.63,-100,False,False,False,-,-
271,PROM,KRW-PROM,8260.0,20.0,→,-,-2.99,1.47,4.46,8640.0,0.18,43.5,-27.2,0.14,0.07,0.33,True,264,18.0,2.0,0.08,-7,False,False,False,-,-
272,BIRB,KRW-BIRB,86.5,19.0,→,-,0.0,1.97,1.97,88.2,0.58,38.7,-86.4,0.47,0.38,0.92,True,147,37.0,-18.0,-0.75,-125,False,False,False,-,-
273,DEEP,KRW-DEEP,32.9,19.0,→,-,1.54,6.17,4.63,34.4,0.0,73.0,-26.3,0.45,0.31,0.62,False,236,24.0,-5.0,-0.21,-37,False,False,False,-,-
274,RED,KRW-RED,236.0,18.0,→,-,-3.67,0.41,4.08,246.0,0.43,68.2,-39.3,0.46,0.33,0.4,True,260,19.0,-1.0,-0.04,-14,False,False,False,-,-
275,MEW,KRW-MEW,0.734,18.0,↑,-,0.55,0.55,0.0,0.734,1.1,70.1,-25.1,0.23,0.09,0.19,True,282,11.0,7.0,0.29,7,False,False,False,-,-
276,ARX,KRW-ARX,375.0,18.0,↓,-,-2.34,1.3,3.65,389.0,0.0,69.7,-25.5,0.21,0.08,0.25,True,286,4.0,14.0,0.58,10,False,False,False,-,-
277,AERO,KRW-AERO,1177.0,16.0,↑,-,2.17,3.3,1.13,1190.0,1.12,72.6,-23.6,0.24,0.27,1.19,True,281,13.0,3.0,0.13,4,False,False,False,-,-
278,AZTEC,KRW-AZTEC,23.6,16.0,↑,-,2.61,6.09,3.48,24.4,0.43,54.4,-71.4,0.21,0.19,0.77,True,224,25.0,-9.0,-0.38,-54,False,False,False,-,-
279,SKY,KRW-SKY,132.0,15.0,↑,-,7.32,8.94,1.63,134.0,0.76,80.5,-4.6,0.99,0.85,0.79,False,193,29.0,-14.0,-0.58,-86,False,False,False,-,-
280,VTHO,KRW-VTHO,0.888,15.0,→,-,-0.56,1.68,2.24,0.908,0.11,48.0,-94.2,0.31,0.26,0.88,True,192,30.0,-15.0,-0.63,-88,False,False,False,-,-
281,LSK,KRW-LSK,363.0,15.0,→,-,-2.16,0.0,2.16,371.0,0.55,52.6,-91.7,0.24,0.19,0.76,True,247,22.0,-7.0,-0.29,-34,False,False,False,-,-
282,SC,KRW-SC,1.42,15.0,→,-,1.43,1.43,0.0,1.42,0.0,75.1,-57.8,0.33,0.12,0.33,True,216,25.0,-10.0,-0.42,-66,False,False,False,-,-
283,CPOOL,KRW-CPOOL,51.4,13.0,→,-,2.59,5.59,2.99,52.9,-1.53,71.0,-31.0,0.29,0.36,0.97,True,272,16.0,-3.0,-0.13,-11,False,False,False,-,-
284,ALGO,KRW-ALGO,179.0,13.0,→,-,0.0,1.68,1.68,182.0,0.56,72.1,-24.0,0.42,0.33,0.65,True,279,13.0,0.0,0.0,-5,False,False,False,-,-
285,2Z,KRW-2Z,60.7,12.0,→,-,-1.94,1.13,3.07,62.6,0.17,35.9,-99.6,0.92,0.39,0.59,True,251,20.0,-8.0,-0.33,-34,False,False,False,-,-
286,HOME,KRW-HOME,7.67,12.0,↓,-,-0.78,1.81,2.59,7.87,0.0,38.2,-96.9,0.28,0.21,0.85,True,201,27.0,-15.0,-0.63,-85,False,False,False,-,-
287,BFC,KRW-BFC,37.4,0.0,→,-,0.0,1.07,1.07,37.8,0.27,22.7,-94.0,0.28,0.15,0.46,True,287,0.0,0.0,0.0,0,False,False,False,-,-
