coin,date,VPDReplay,MomentumCore,MaxPriceReturn%,DayReturn%,Vol3/10,TodayValue/10,IntraAccel,WPI5,VWPI5,LowerDays5,UpperDays5,LowerWickTotal5,UpperWickTotal5,D1%,D3%,D5%,MFE5%,MAE5%
KAVA,2026-08-24,66.0,↑↑,3.75,2.77,1.54,1.25,0.61,18.3,14.09,4,1,1.8267,1.2615,-0.16,-0.63,1.9,4.91,-1.74
KAVA,2026-08-25,45.0,↓,2.38,-0.16,0.98,0.93,0.63,21.54,17.15,4,1,1.8767,1.2115,1.11,2.7,0.32,5.08,-1.59
KAVA,2026-08-26,32.0,→,2.06,1.11,0.84,0.73,0.78,17.59,21.28,4,1,2.0585,1.4426,-1.57,0.94,1.26,3.92,-2.67
KAVA,2026-08-27,43.0,↓,0.16,-1.57,0.63,0.49,0.59,17.82,19.69,4,1,2.4458,1.7061,3.19,0.8,3.19,5.58,-1.12
KAVA,2026-08-28,80.0,↑↑,5.58,3.19,2.04,5.37,8.46,23.57,22.22,4,1,2.3023,1.424,-0.62,-0.31,4.02,4.79,-3.4
KAVA,2026-08-29,36.0,→,1.08,-0.62,1.39,0.5,0.35,11.67,-8.33,3,2,1.8627,1.4734,-1.71,0.62,5.91,8.86,-2.8
KAVA,2026-08-30,35.0,→,1.4,-1.71,1.37,0.23,0.16,5.35,-12.35,3,2,1.8627,1.6734,2.06,6.49,7.75,10.76,-1.11
KAVA,2026-08-31,22.0,→,3.32,2.06,0.41,0.45,0.29,10.23,-10.12,3,2,1.7294,1.4084,0.31,5.58,8.53,9.3,-1.09
KAVA,2026-09-01,19.0,→,1.09,0.31,0.33,0.24,0.53,3.25,-13.84,2,3,1.5032,1.4084,4.02,5.26,11.75,14.99,-0.62
KAVA,2026-09-02,26.0,↑,4.79,4.02,0.65,1.15,2.97,1.36,-15.04,2,3,1.7571,1.71,1.19,4.01,18.42,24.07,-1.63
KAVA,2026-09-03,23.0,→,4.01,1.19,0.75,0.96,1.49,5.12,2.77,2,3,1.6571,1.4957,0.0,6.17,18.06,22.61,-1.62
KAVA,2026-09-04,14.0,↓,1.17,0.0,0.71,0.16,0.21,-4.74,-12.71,1,4,1.4966,1.6457,2.79,17.03,23.94,24.82,-1.62
KAVA,2026-09-05,3.0,→,3.52,2.79,0.44,0.21,0.27,-3.68,-11.32,1,4,1.7252,1.8571,3.29,14.86,23.71,26.71,-0.43
KAVA,2026-09-06,9.0,→,6.29,3.29,0.35,0.74,1.55,1.34,-9.75,2,3,1.7609,1.7143,10.24,16.74,24.34,27.25,-0.83
KAVA,2026-09-07,56.0,↑,15.49,10.24,1.95,5.98,16.28,-21.7,-31.06,1,4,1.1606,1.804,0.88,8.66,23.84,26.73,-0.75
KAVA,2026-09-08,51.0,↑,3.64,0.88,2.34,1.54,0.74,-28.41,-56.07,1,4,1.1056,1.9831,4.98,11.82,3.48,40.55,0.0
KAVA,2026-09-09,25.0,↑,5.72,4.98,2.24,0.86,0.37,-36.27,-61.87,1,4,0.9876,2.1117,2.61,16.94,4.38,33.89,-2.96
KAVA,2026-09-10,4.0,→,5.09,2.61,1.0,1.14,0.5,-46.99,-63.31,1,4,0.6025,1.6707,3.81,-3.93,2.89,30.48,-5.43
KAVA,2026-09-11,44.0,↑,6.24,3.81,1.27,2.51,2.45,-49.94,-54.26,0,5,0.6232,1.8666,9.79,-2.0,3.11,25.7,-8.9
KAVA,2026-09-12,36.0,↑,12.35,9.79,1.39,1.86,1.58,-38.97,-45.49,0,5,0.7653,1.7428,-15.7,-9.73,-7.19,14.49,-17.02
KAVA,2026-09-13,80.0,→,14.49,-15.7,2.63,5.61,3.95,-37.81,-39.29,0,5,0.7323,1.6225,5.89,11.42,12.5,16.71,-1.56
KAVA,2026-09-14,58.0,↑,16.71,5.89,2.12,2.01,1.0,-41.83,-63.77,0,5,0.5996,1.4617,1.14,3.97,12.26,13.51,0.11
KAVA,2026-09-15,55.0,↑,3.97,1.14,1.76,0.79,0.42,-49.97,-67.33,0,5,0.6416,1.9234,4.04,5.05,11.34,13.36,0.11
KAVA,2026-09-16,30.0,→,4.6,4.04,0.84,0.23,0.13,-69.13,-73.34,0,5,0.4234,2.32,-1.19,6.69,3.24,8.95,-2.27
KAVA,2026-09-17,35.0,↓,0.65,-1.19,0.36,0.14,0.17,-72.46,-78.92,0,5,0.3388,2.1219,2.18,8.3,3.28,10.26,-0.76
KAVA,2026-09-18,33.0,→,3.71,2.18,0.21,0.2,0.47,-50.36,-76.35,1,4,0.6828,2.0683,5.66,2.24,1.82,7.91,-1.18
KAVA,2026-09-19,21.0,→,6.84,5.66,0.35,0.7,3.18,-36.07,-66.28,1,4,0.9124,1.942,0.3,-4.35,-2.53,2.12,-6.47
KAVA,2026-09-20,31.0,→,2.12,0.3,0.41,0.4,1.15,-28.66,-58.69,1,4,0.8423,1.5191,-3.53,-3.93,-6.25,0.0,-8.17
KAVA,2026-09-21,35.0,↓,0.0,-3.53,0.46,0.36,0.83,-8.4,-21.38,1,4,1.0969,1.2981,-1.15,0.73,-2.3,1.46,-5.12
KAVA,2026-09-22,25.0,↓,-0.1,-1.15,0.32,0.18,0.35,8.93,-0.4,2,3,1.4584,1.2193,0.74,-1.69,-1.69,2.64,-4.02
KAVA,2026-09-23,20.0,→,1.16,0.74,0.3,0.28,0.77,24.48,8.21,2,3,1.7655,1.0711,1.15,-1.89,,1.89,-4.72
KAVA,2026-09-24,25.0,→,1.89,1.15,0.4,0.45,0.93,36.4,16.88,3,2,1.9734,0.9201,-3.53,-3.53,,0.1,-5.81
KAVA,2026-09-25,62.0,↓,0.1,-3.53,0.91,1.42,2.39,27.35,20.01,3,2,2.083,1.1884,0.54,,,0.65,-2.37
KAVA,2026-09-26,61.0,→,0.65,0.54,1.16,1.12,1.1,50.25,54.92,4,1,2.092,0.6926,-0.53,,,0.11,-1.71
KAVA,2026-09-27,56.0,→,0.11,-0.53,1.18,0.84,0.76,55.96,61.54,4,1,2.4162,0.6822,,,,,
MON,2026-08-24,40.0,→,5.98,3.83,1.3,1.29,0.89,4.41,1.23,2,3,1.1574,1.0597,-6.22,-9.91,-14.29,2.07,-18.2
MON,2026-08-25,47.0,↓,2.07,-6.22,1.07,1.17,0.91,24.67,13.63,3,2,1.6266,0.9828,-0.74,-6.39,-9.34,1.47,-12.78
MON,2026-08-26,33.0,↓,1.47,-0.74,0.74,0.39,0.37,25.98,25.77,3,1,1.8141,1.0658,-3.22,-7.92,-9.65,1.49,-12.13
MON,2026-08-27,38.0,↓,1.49,-3.22,0.53,0.34,0.43,35.37,32.85,4,0,2.3084,1.1022,-2.56,-5.63,-6.39,3.58,-9.21
MON,2026-08-28,46.0,↓,3.58,-2.56,0.49,0.78,1.36,37.95,38.78,4,0,2.145,0.9648,-2.36,-4.2,-8.66,3.94,-10.76
MON,2026-08-29,40.0,↓,1.57,-2.36,0.43,0.24,0.51,35.73,34.84,4,0,2.3202,1.0986,-0.81,-1.61,-0.81,6.45,-8.87
MON,2026-08-30,31.0,↓,6.45,-0.81,0.39,0.19,0.43,28.86,26.99,4,0,2.1488,1.1864,-1.08,-5.69,-7.32,4.34,-10.03
MON,2026-08-31,40.0,↓,4.34,-1.08,0.37,0.44,0.78,8.34,23.17,4,1,2.0604,1.7432,0.27,1.1,-6.85,4.93,-9.04
MON,2026-09-01,48.0,→,3.56,0.27,0.43,0.43,1.12,-15.38,2.65,3,2,1.5417,2.102,-4.92,-6.56,0.55,4.64,-9.29
MON,2026-09-02,50.0,↓,0.27,-4.92,0.61,0.61,1.28,-20.69,-3.35,2,3,1.5882,2.4168,6.03,-2.3,5.46,10.63,-4.6
MON,2026-09-03,41.0,→,7.18,6.03,0.74,0.76,1.17,-24.16,-19.85,2,3,1.3645,2.2338,-7.32,-0.27,-5.96,4.34,-10.03
MON,2026-09-04,62.0,→,3.79,-7.32,1.22,1.71,2.19,-22.93,-15.42,2,3,1.3108,2.0906,-0.58,7.31,-1.17,12.57,-3.22
MON,2026-09-05,55.0,→,4.68,-0.58,1.41,1.25,1.04,-7.18,-7.09,2,3,1.3778,1.5909,8.24,2.06,-8.24,13.24,-8.24
MON,2026-09-06,74.0,↑↑,10.0,8.24,1.89,2.53,1.95,-15.62,-21.94,2,3,1.2778,1.7509,-0.27,-8.15,-13.86,4.62,-16.3
MON,2026-09-07,65.0,→,4.62,-0.27,1.54,1.38,0.88,-21.1,-31.83,2,3,0.9159,1.4057,-5.45,-14.99,-14.17,0.82,-16.08
MON,2026-09-08,54.0,→,0.82,-5.45,1.45,0.73,0.47,-27.37,-29.62,1,4,1.0742,1.8838,-2.59,-8.65,-11.24,3.75,-11.53
MON,2026-09-09,44.0,↓,3.75,-2.59,1.1,1.18,0.83,-30.9,-32.07,1,4,0.9869,1.8696,-7.69,-6.8,-8.58,0.0,-9.17
MON,2026-09-10,48.0,↓,0.0,-7.69,1.0,1.1,1.09,-33.62,-35.25,1,4,1.0322,2.0778,1.6,-1.28,-5.13,7.69,-8.01
MON,2026-09-11,37.0,→,7.69,1.6,1.01,0.77,0.85,-15.64,-21.37,1,3,0.9322,1.2778,-0.63,-2.52,-3.79,1.89,-9.46
MON,2026-09-12,27.0,↓,1.89,-0.63,0.73,0.25,0.27,-21.38,-20.64,1,3,1.1528,1.7799,-2.22,-6.03,1.59,3.81,-8.89
MON,2026-09-13,32.0,↓,1.59,-2.22,0.53,0.4,0.57,-40.94,-35.28,1,3,0.8094,1.9314,0.32,-0.97,9.42,12.34,-6.82
MON,2026-09-14,32.0,→,4.55,0.32,0.47,0.6,1.2,-53.01,-45.7,0,4,0.6794,2.2126,-4.21,3.56,10.03,13.92,-7.12
MON,2026-09-15,45.0,→,1.62,-4.21,0.75,0.92,1.99,-67.84,-64.96,0,4,0.5095,2.6584,3.04,13.85,14.86,18.92,-0.68
MON,2026-09-16,39.0,→,7.09,3.04,0.94,0.95,1.4,-53.81,-45.33,1,4,0.8428,2.8066,4.92,11.48,13.44,18.36,-0.33
MON,2026-09-17,47.0,↑,7.21,4.92,1.06,0.8,0.83,-61.27,-55.14,1,4,0.6363,2.6497,5.31,6.25,14.06,16.25,-0.94
MON,2026-09-18,52.0,↑,8.13,5.31,1.1,1.18,1.1,-60.18,-55.65,1,4,0.5686,2.2874,0.89,2.67,-2.37,10.68,-5.93
MON,2026-09-19,60.0,→,4.45,0.89,1.1,1.38,1.31,-57.57,-53.64,1,4,0.5989,2.2242,0.0,7.35,0.29,9.71,-6.76
MON,2026-09-20,56.0,↓,0.59,0.0,1.16,1.07,0.94,-26.97,-23.63,2,3,0.9917,1.7242,1.76,-3.24,4.71,9.71,-5.0
MON,2026-09-21,67.0,↑,6.18,1.76,1.44,2.04,1.62,-3.68,-3.31,2,3,1.5384,1.6561,5.49,-1.45,5.2,7.8,-6.65
MON,2026-09-22,51.0,↑↑,7.51,5.49,1.41,1.59,1.13,1.52,-3.59,2,3,1.7641,1.7113,-9.86,-2.47,4.38,6.85,-11.51
MON,2026-09-23,81.0,→,2.19,-9.86,1.71,2.37,1.78,14.55,7.96,3,2,2.1207,1.5819,3.65,10.64,,18.54,-1.82
MON,2026-09-24,54.0,↑,4.86,3.65,1.38,1.12,0.73,19.32,8.08,3,2,2.057,1.3909,4.4,11.73,,14.37,-1.17
MON,2026-09-25,50.0,↑,5.57,4.4,1.31,1.13,0.83,25.1,12.17,3,2,1.9109,1.1442,2.25,,,9.55,-1.4
MON,2026-09-26,48.0,→,3.37,2.25,1.03,1.07,0.82,-1.36,-5.78,2,2,1.2048,1.2381,4.67,,,7.14,-3.3
MON,2026-09-27,30.0,→,7.14,4.67,0.97,0.95,0.92,20.09,16.41,3,1,1.3473,0.8965,,,,,
MBL,2026-08-24,49.0,↑,3.18,0.55,2.19,0.53,0.18,-58.13,-67.98,1,4,0.6293,2.3763,-2.73,0.98,-1.53,2.62,-3.27
MBL,2026-08-25,37.0,→,1.74,-2.73,1.33,0.4,0.19,-49.41,-64.84,1,4,0.8836,2.6097,3.81,0.22,-0.56,6.17,-0.67
MBL,2026-08-26,25.0,↑,5.16,3.81,0.49,0.54,0.42,-58.99,-66.98,0,5,0.8021,3.1097,0.0,-2.48,-0.54,9.07,-4.97
MBL,2026-08-27,25.0,→,1.62,0.0,0.37,0.19,0.42,-59.19,-66.81,0,5,0.7249,2.8278,-3.46,-4.21,1.94,14.47,-4.97
MBL,2026-08-28,25.0,↓,-0.11,-3.46,0.29,0.14,0.41,-38.97,-56.39,1,4,1.089,2.4797,1.01,3.02,9.84,27.52,-1.57
MBL,2026-08-29,25.0,→,1.68,1.01,0.13,0.05,0.17,-21.35,-32.21,2,3,1.0961,1.6911,-1.77,4.54,4.76,26.25,-2.55
MBL,2026-08-30,37.0,↓,4.87,-1.77,0.22,0.43,3.35,-18.87,-47.28,3,2,1.0061,1.474,3.83,10.71,4.51,28.52,-0.79
MBL,2026-08-31,59.0,↑,13.87,3.83,0.96,2.37,11.2,-24.48,-55.95,3,2,0.9987,1.6462,2.5,2.71,2.17,23.78,-1.41
MBL,2026-09-01,81.0,↑,15.09,2.5,2.74,5.6,5.93,-33.3,-76.64,3,2,1.0298,2.058,4.03,-1.8,0.0,20.76,-2.54
MBL,2026-09-02,79.0,↑↑,20.76,4.03,3.58,4.99,2.32,-56.18,-78.91,2,3,0.6713,2.3926,-3.67,-4.18,-0.41,2.85,-6.31
MBL,2026-09-03,51.0,→,0.0,-3.67,2.53,0.44,0.15,-73.57,-88.41,1,4,0.4871,3.1988,-2.01,-0.21,3.7,6.77,-2.75
MBL,2026-09-04,34.0,→,0.0,-2.01,1.44,0.15,0.06,-68.44,-84.38,1,4,0.5482,2.926,1.51,5.5,13.27,15.43,-0.22
MBL,2026-09-05,23.0,→,2.48,1.51,0.24,0.1,0.06,-47.56,-83.06,2,3,0.8011,2.2539,0.32,4.25,3.4,13.71,-0.85
MBL,2026-09-06,25.0,→,1.91,0.32,0.14,0.15,0.66,-39.98,-82.54,2,3,0.8272,1.9293,3.6,11.23,5.72,13.35,-0.11
MBL,2026-09-07,36.0,↑,6.99,3.6,0.34,0.75,5.5,-25.43,-85.02,2,3,1.0362,1.743,0.31,-0.51,4.29,9.41,-1.43
MBL,2026-09-08,28.0,→,2.15,0.31,0.41,0.39,1.24,-15.44,-28.65,2,3,1.0362,1.4145,7.03,1.73,15.19,24.36,-1.12
MBL,2026-09-09,45.0,↑,9.07,7.03,0.7,1.09,2.75,-29.2,-45.12,1,4,1.0569,1.9288,-7.33,-2.86,1.9,16.19,-7.62
MBL,2026-09-10,25.0,↓,0.95,-7.33,0.51,0.22,0.34,-46.58,-63.12,0,5,0.7877,2.1614,2.57,16.14,0.41,25.39,-0.31
MBL,2026-09-11,20.0,→,4.83,2.57,0.52,0.23,0.4,-41.71,-61.84,1,4,0.741,1.8014,2.2,7.21,-0.6,22.24,-3.11
MBL,2026-09-12,23.0,→,2.2,2.2,0.35,0.38,0.51,-59.23,-69.56,1,4,0.4333,1.6925,10.78,-4.22,0.0,19.61,-5.2
MBL,2026-09-13,65.0,↑↑,19.61,10.78,1.4,3.25,4.83,-19.28,-35.95,2,3,0.8222,1.2149,-5.31,-12.21,-6.19,0.88,-14.42
MBL,2026-09-14,61.0,→,0.88,-5.31,1.35,1.04,0.82,-41.24,-67.68,2,3,0.4698,1.1292,-8.69,-4.67,1.87,3.74,-9.63
MBL,2026-09-15,54.0,→,0.93,-8.69,1.28,0.61,0.46,-23.57,-45.38,3,2,0.6921,1.1189,1.54,8.5,9.52,13.61,-1.02
MBL,2026-09-16,38.0,→,2.35,1.54,0.59,0.27,0.21,-28.59,-46.69,2,3,0.7224,1.3007,2.82,9.88,10.89,11.9,-1.11
MBL,2026-09-17,38.0,→,2.82,2.82,0.35,0.17,0.28,-2.36,-36.92,3,2,1.0254,1.075,3.92,4.9,8.82,8.82,-1.96
MBL,2026-09-18,40.0,→,5.88,3.92,0.31,0.4,1.02,-10.7,-49.2,3,2,0.8673,1.075,2.83,3.77,3.77,8.49,-1.89
MBL,2026-09-19,35.0,→,4.72,2.83,0.3,0.27,0.86,8.81,-1.58,3,1,1.0697,0.8965,-1.83,1.83,3.67,5.5,-4.59
MBL,2026-09-20,25.0,↓,0.92,-1.83,0.42,0.35,0.92,-11.8,-17.52,2,2,0.8474,1.0742,2.8,2.8,8.41,8.41,-0.93
MBL,2026-09-21,33.0,→,3.74,2.8,0.41,0.51,1.16,17.98,13.98,3,1,1.2838,0.8924,0.91,2.73,4.55,5.45,-3.64
MBL,2026-09-22,35.0,→,0.91,0.91,0.44,0.44,1.05,16.29,11.55,2,1,1.1808,0.85,-0.9,4.5,3.6,5.41,-2.7
MBL,2026-09-23,56.0,↓,3.6,-0.9,0.7,1.15,2.46,39.29,37.76,2,1,1.95,0.85,2.73,4.55,,6.36,-0.91
MBL,2026-09-24,41.0,→,3.64,2.73,0.93,0.6,0.58,25.79,8.79,2,2,1.9857,1.1714,2.65,1.77,,3.54,-1.77
MBL,2026-09-25,47.0,→,2.65,2.65,1.19,1.05,0.89,38.46,16.45,2,1,2.1857,0.9714,-0.86,,,0.86,-2.59
MBL,2026-09-26,47.0,↓,0.0,-0.86,0.97,1.13,0.83,36.45,18.2,2,1,2.0857,0.9714,0.0,,,1.74,-1.74
MBL,2026-09-27,51.0,→,1.74,0.0,1.04,1.08,1.09,53.58,34.48,3,1,2.5524,0.7714,,,,,
ELSA,2026-08-24,51.0,→,0.0,-2.74,1.28,0.66,0.49,6.75,1.41,3,2,1.224,1.0693,-0.17,2.99,6.8,6.97,-1.99
ELSA,2026-08-25,39.0,→,1.99,-0.17,0.79,0.57,0.41,15.84,5.92,3,2,1.3117,0.953,1.5,5.15,4.98,7.81,-1.83
ELSA,2026-08-26,42.0,→,1.99,1.5,0.61,0.49,0.61,-1.41,-2.41,2,3,1.4165,1.4569,1.64,5.4,4.91,8.67,-1.64
ELSA,2026-08-27,46.0,→,4.09,1.64,0.65,0.85,1.4,4.03,-1.03,2,3,1.6714,1.5419,1.93,1.77,0.81,6.92,-1.77
ELSA,2026-08-28,40.0,↑,2.58,1.93,0.63,0.54,0.83,1.07,-3.0,2,3,1.7197,1.6832,1.74,1.26,0.0,4.9,-3.16
ELSA,2026-08-29,40.0,↑,1.9,1.74,0.66,0.59,0.93,13.76,10.87,3,2,1.7123,1.2981,-1.86,-2.8,0.62,3.11,-4.81
ELSA,2026-08-30,47.0,↓,0.78,-1.86,0.67,0.77,1.05,18.81,14.41,3,2,1.9633,1.3415,1.42,0.16,7.91,15.51,-3.01
ELSA,2026-08-31,44.0,→,5.06,1.42,0.79,1.0,1.48,33.67,27.74,4,1,1.9004,0.9429,-2.34,1.09,13.42,27.15,-4.37
ELSA,2026-09-01,49.0,↓,3.12,-2.34,0.86,0.84,1.04,8.86,0.27,3,2,1.6933,1.4178,1.12,8.95,16.77,30.19,-2.08
ELSA,2026-09-02,51.0,→,3.35,1.12,1.02,0.83,0.77,7.15,-1.29,3,2,1.6181,1.4022,2.37,14.85,13.74,28.75,-2.05
ELSA,2026-09-03,45.0,↑,2.84,2.37,0.99,1.0,0.9,-1.99,-7.83,2,3,1.6007,1.6659,5.25,12.81,6.94,25.77,-0.15
ELSA,2026-09-04,85.0,↑↑,12.65,5.25,6.09,18.05,17.83,-5.44,-9.25,2,3,1.5418,1.7192,6.6,5.57,0.73,19.5,-3.23
ELSA,2026-09-05,83.0,↑,19.5,6.6,7.07,16.08,6.57,-27.09,-78.4,1,4,1.2077,2.1052,0.55,-4.68,-10.59,7.43,-12.1
ELSA,2026-09-06,79.0,↑,7.43,0.55,3.87,3.1,1.04,-35.73,-94.08,1,4,1.0235,2.1615,-1.5,-6.02,-9.17,0.27,-13.0
ELSA,2026-09-07,46.0,→,0.27,-1.5,2.47,0.4,0.13,-41.1,-79.88,1,4,1.0238,2.4527,-3.75,-9.72,-4.58,1.11,-11.67
ELSA,2026-09-08,25.0,↓,1.11,-3.75,0.94,0.17,0.07,-18.2,-72.95,2,3,1.4256,2.0598,-0.87,-4.18,-3.9,3.75,-8.23
ELSA,2026-09-09,23.0,↓,3.75,-0.87,0.27,0.22,0.23,-31.8,-73.75,1,4,1.1088,2.1425,-5.39,0.0,0.87,1.75,-7.42
ELSA,2026-09-10,19.0,↓,1.02,-5.39,0.19,0.15,0.59,-13.07,-66.88,1,3,1.5543,2.0219,2.15,2.46,4.46,14.46,-2.15
ELSA,2026-09-11,23.0,→,3.54,2.15,0.17,0.09,0.52,8.23,-28.6,2,2,1.7543,1.4875,3.46,4.37,3.61,12.05,-0.9
ELSA,2026-09-12,23.0,→,3.46,3.46,0.12,0.07,0.46,29.69,45.06,3,1,1.8933,1.0265,-3.06,-1.16,0.73,8.3,-4.22
ELSA,2026-09-13,30.0,↓,0.44,-3.06,0.1,0.11,1.06,9.92,4.79,3,1,1.2295,1.0076,4.05,3.3,12.16,22.07,-1.2
ELSA,2026-09-14,20.0,→,4.95,4.05,0.09,0.08,0.86,10.34,6.38,3,1,1.1669,0.9481,-2.02,-0.14,10.97,17.32,-5.05
ELSA,2026-09-15,36.0,↓,7.36,-2.02,0.27,0.52,4.96,14.51,13.56,3,2,0.8631,0.6444,1.33,10.01,10.31,19.73,-2.95
ELSA,2026-09-16,25.0,→,4.57,1.33,0.58,0.4,0.78,-10.05,-30.02,2,3,0.9073,1.1101,0.58,11.77,10.17,18.17,-0.87
ELSA,2026-09-17,47.0,→,1.45,0.58,1.16,0.35,0.29,-13.0,-26.39,2,3,0.9995,1.2982,7.95,8.24,12.28,17.49,0.14
ELSA,2026-09-18,83.0,↑↑,17.49,7.95,4.4,12.81,9.04,-10.83,-24.71,2,3,1.3461,1.6732,2.95,1.47,2.41,7.9,-3.08
ELSA,2026-09-19,67.0,↑,7.76,2.95,2.63,2.1,0.96,-22.78,-70.12,2,3,1.3228,2.1032,-2.6,1.04,2.6,4.81,-5.85
ELSA,2026-09-20,47.0,→,3.38,-2.6,2.52,0.8,0.33,-27.5,-63.69,2,3,1.3852,2.4359,1.2,2.14,3.74,7.61,-2.67
ELSA,2026-09-21,28.0,→,1.2,1.2,0.97,0.47,0.19,-19.03,-60.82,2,2,1.4931,2.195,2.51,4.09,5.54,8.97,-2.77
ELSA,2026-09-22,23.0,→,4.62,2.51,0.54,0.45,0.46,-0.48,-54.66,2,2,1.7466,1.7636,-1.54,0.0,0.9,6.31,-5.15
ELSA,2026-09-23,21.0,↓,3.73,-1.54,0.41,0.37,0.68,-4.93,-54.23,1,3,1.554,1.7151,3.14,4.58,,7.97,-2.09
ELSA,2026-09-24,14.0,→,4.18,3.14,0.38,0.39,0.94,11.05,-6.19,2,2,1.9432,1.5564,-1.52,-0.63,,4.69,-3.93
ELSA,2026-09-25,23.0,↓,0.13,-1.52,0.34,0.31,0.81,24.98,22.81,3,1,2.0603,1.2366,2.96,,,6.31,-0.9
ELSA,2026-09-26,53.0,→,6.31,2.96,0.72,1.53,4.08,43.08,42.83,4,1,2.3019,0.9158,-2.0,,,3.12,-2.38
ELSA,2026-09-27,31.0,↓,3.12,-2.0,0.77,0.74,1.08,8.89,-20.92,3,2,1.6492,1.38,,,,,
GRT,2026-08-24,53.0,↑,2.88,0.41,1.73,1.12,0.47,6.57,-11.17,3,2,0.8989,0.788,0.82,0.41,-5.33,9.43,-7.38
GRT,2026-08-25,70.0,→,9.43,0.82,1.64,3.24,1.87,11.89,-3.34,3,2,1.2371,0.9743,1.63,-5.69,-8.13,2.44,-9.76
GRT,2026-08-26,44.0,↑,2.03,1.63,1.23,0.76,0.54,-20.44,-43.76,2,3,1.1595,1.7554,-2.0,-7.6,-9.6,0.8,-11.6
GRT,2026-08-27,45.0,↓,0.8,-2.0,1.04,0.39,0.31,-0.9,-31.87,3,2,1.7282,1.7596,-5.31,-7.76,-7.76,2.04,-9.8
GRT,2026-08-28,38.0,↓,2.04,-5.31,0.47,0.38,0.34,10.95,-26.89,4,1,1.9953,1.6015,-0.43,-2.59,-3.02,0.86,-5.6
GRT,2026-08-29,40.0,↓,0.43,-0.43,0.28,0.11,0.23,6.63,-32.62,4,1,1.9398,1.6987,-2.16,-2.16,1.73,3.46,-5.19
GRT,2026-08-30,40.0,↓,1.3,-2.16,0.24,0.2,0.67,21.11,-42.44,4,1,2.0658,1.3458,0.0,-0.44,2.65,6.19,-3.1
GRT,2026-08-31,54.0,↓,1.33,0.0,0.3,0.52,2.16,51.47,52.27,5,0,2.3592,0.7558,0.0,3.98,10.18,10.18,-3.1
GRT,2026-09-01,45.0,↓,1.77,0.0,0.44,0.4,1.22,30.75,14.62,4,1,2.0092,1.0641,-0.44,2.65,18.58,28.76,-3.1
GRT,2026-09-02,25.0,↓,0.44,-0.44,0.58,0.35,0.67,24.41,8.55,4,1,2.1032,1.2778,4.44,10.67,17.33,29.33,-0.89
GRT,2026-09-03,26.0,↑,6.22,4.44,0.59,0.71,1.19,37.1,20.68,4,1,2.6032,1.1944,-1.28,14.04,11.91,23.83,-3.83
GRT,2026-09-04,63.0,↓,2.13,-1.28,0.99,1.65,2.82,16.47,7.35,3,2,2.0139,1.4444,7.33,13.79,9.48,25.43,-0.86
GRT,2026-09-05,50.0,↑↑,7.33,7.33,1.41,1.03,0.83,15.23,7.62,3,2,2.1091,1.5516,7.63,5.62,-2.41,16.87,-2.81
GRT,2026-09-06,78.0,↑↑,16.87,7.63,10.59,33.55,22.16,25.08,16.41,4,1,1.9644,1.1766,-1.49,-5.22,-10.45,1.49,-12.31
GRT,2026-09-07,48.0,→,0.0,-1.49,2.91,0.85,0.29,7.36,-70.58,3,2,1.4543,1.2549,-0.38,-7.95,-6.44,3.03,-10.98
GRT,2026-09-08,42.0,→,3.03,-0.38,2.86,0.61,0.22,7.17,-57.97,3,2,1.3043,1.1299,-3.42,-8.75,-4.56,2.66,-10.65
GRT,2026-09-09,28.0,↓,2.66,-3.42,0.6,0.45,0.16,3.25,-54.3,3,2,1.5793,1.4799,-4.33,-2.76,-2.36,3.15,-7.48
GRT,2026-09-10,25.0,↓,0.39,-4.33,0.42,0.24,0.41,-0.7,-56.93,2,3,1.3888,1.4084,-1.23,3.29,-3.29,7.82,-4.94
GRT,2026-09-11,33.0,↓,2.88,-1.23,0.4,0.44,1.07,-1.73,-57.09,2,3,1.3605,1.4084,2.92,3.33,3.75,9.17,-3.75
GRT,2026-09-12,20.0,→,5.0,2.92,0.34,0.26,0.73,9.86,16.67,2,3,1.6484,1.3524,1.62,-4.86,6.07,6.07,-6.48
GRT,2026-09-13,30.0,→,6.07,1.62,0.5,0.72,2.36,-25.58,-22.49,1,4,1.0484,1.769,-1.2,-0.8,11.95,12.75,-7.97
GRT,2026-09-14,33.0,↓,3.59,-1.2,0.49,0.45,1.01,-28.9,-26.85,1,4,0.9641,1.748,-5.24,5.65,12.9,15.73,-6.85
GRT,2026-09-15,30.0,↓,1.21,-5.24,0.55,0.42,0.92,-47.08,-44.0,1,4,0.803,2.2315,5.96,19.57,29.36,31.91,-1.28
GRT,2026-09-16,16.0,↑,6.81,5.96,0.39,0.22,0.43,-44.84,-40.81,0,5,0.926,2.4315,5.22,12.45,28.11,31.33,-1.2
GRT,2026-09-17,40.0,↑,5.22,5.22,0.73,0.59,0.68,-49.57,-45.27,0,5,0.698,2.0701,7.25,16.03,30.53,32.44,-1.53
GRT,2026-09-18,56.0,↑,8.02,7.25,1.07,2.09,2.67,-27.12,-33.71,1,4,0.948,1.6534,-0.36,13.52,21.35,34.52,-3.2
GRT,2026-09-19,57.0,→,2.14,-0.36,1.26,1.51,1.46,-18.61,-21.7,2,3,0.7922,1.1545,8.57,22.14,27.5,35.0,-1.79
GRT,2026-09-20,56.0,↑,10.71,8.57,1.98,3.31,2.57,22.78,19.9,3,2,1.2486,0.7853,4.93,12.17,25.33,28.29,-1.97
GRT,2026-09-21,41.0,→,7.57,4.93,1.6,1.67,0.97,22.32,12.65,3,2,1.1915,0.7567,7.21,11.91,17.87,22.26,-3.13
GRT,2026-09-22,36.0,↑,8.78,7.21,1.56,1.37,0.84,16.47,6.04,3,2,1.2931,0.9273,-0.29,11.4,42.11,45.03,-1.75
GRT,2026-09-23,48.0,→,10.53,-0.29,1.42,2.49,1.56,10.46,7.59,3,2,1.3062,1.0589,4.69,10.26,,45.45,-1.47
GRT,2026-09-24,31.0,↑,6.16,4.69,1.21,0.98,0.66,-24.32,-42.06,2,3,1.1726,1.9262,6.72,36.13,,38.94,-2.52
GRT,2026-09-25,31.0,↑,9.24,6.72,1.2,1.21,0.88,-32.78,-47.27,2,3,0.87,1.7185,-1.31,,,30.18,-3.67
GRT,2026-09-26,20.0,↓,1.84,-1.31,0.78,0.68,0.51,-29.2,-45.52,3,2,0.9652,1.7614,29.26,,,31.91,-2.39
GRT,2026-09-27,56.0,↑↑,31.91,29.26,2.42,8.12,9.4,-26.39,-44.94,3,2,1.0917,1.8744,,,,,
FCT2,2026-08-24,50.0,→,3.58,-1.19,2.5,1.01,0.4,-25.1,-72.76,2,3,1.0007,1.6715,0.0,6.25,4.39,10.75,-3.29
FCT2,2026-08-25,22.0,↓,1.32,0.0,0.93,0.26,0.1,-50.9,-74.33,1,4,0.7104,2.1832,0.44,4.39,4.61,10.75,-3.29
FCT2,2026-08-26,27.0,→,1.1,0.44,0.69,0.73,0.77,-65.18,-76.99,0,5,0.5604,2.6582,5.79,3.93,2.29,10.26,0.0
FCT2,2026-08-27,81.0,↑↑,10.26,5.79,2.42,6.53,10.32,-31.74,-62.2,1,4,1.3459,2.5977,-1.75,-1.55,-1.65,4.23,-5.16
FCT2,2026-08-28,47.0,→,1.24,-1.75,1.61,0.48,0.31,-25.78,-54.49,1,4,1.341,2.2726,0.0,-1.58,6.09,8.19,-3.47
FCT2,2026-08-29,37.0,→,0.84,0.0,1.47,0.16,0.1,-9.32,-45.29,2,3,1.6894,2.0367,0.21,0.11,4.94,8.19,-3.47
FCT2,2026-08-30,25.0,→,4.83,0.21,0.42,0.66,0.44,10.75,-38.54,3,2,2.0533,1.6548,-1.78,5.87,2.41,7.97,-3.67
FCT2,2026-08-31,35.0,↓,0.63,-1.78,0.41,0.44,1.08,-3.01,-48.92,3,2,1.8746,1.9909,1.71,6.62,5.66,9.93,-0.85
FCT2,2026-09-01,30.0,→,7.79,1.71,0.61,0.77,1.89,-14.94,-55.2,3,2,1.4886,2.0117,5.98,2.52,3.99,8.08,-0.73
FCT2,2026-09-02,66.0,↑↑,8.08,5.98,1.43,2.9,3.78,-19.93,-40.82,3,2,1.5218,2.2792,-1.09,-1.98,-1.78,0.99,-4.95
FCT2,2026-09-03,40.0,→,0.99,-1.09,1.25,0.56,0.45,-38.24,-67.58,2,3,1.0306,2.3068,-2.2,-0.8,4.1,6.11,-3.9
FCT2,2026-09-04,35.0,↓,2.1,-2.2,1.14,0.48,0.38,-33.24,-52.45,2,3,1.1267,2.2487,1.33,1.54,7.47,9.52,-1.74
FCT2,2026-09-05,23.0,↑,1.43,1.33,0.35,0.07,0.06,-18.01,-40.53,2,3,1.2454,1.7925,0.1,5.05,5.05,10.1,-3.03
FCT2,2026-09-06,21.0,→,2.02,0.1,0.25,0.21,0.57,-24.78,-51.65,2,3,1.0207,1.6932,0.1,5.95,7.97,13.02,-1.11
FCT2,2026-09-07,23.0,→,1.92,0.1,0.22,0.23,0.58,2.31,-32.56,3,2,1.4343,1.3695,4.84,4.84,10.89,13.91,0.0
FCT2,2026-09-08,44.0,↑,6.85,4.84,0.57,1.18,4.94,1.97,4.73,3,2,1.801,1.7314,0.96,2.88,18.27,19.23,-1.92
FCT2,2026-09-09,45.0,→,2.88,0.96,0.7,0.88,1.62,-19.85,-43.38,2,3,1.221,1.8255,-0.95,4.76,14.29,18.1,-1.9
FCT2,2026-09-10,46.0,↓,3.81,-0.95,0.87,0.74,1.01,-8.2,-20.42,3,2,1.481,1.7455,2.88,18.27,14.42,22.12,0.0
FCT2,2026-09-11,65.0,↑,7.69,2.88,1.34,2.67,2.94,-16.69,-24.09,2,3,1.4333,2.0075,2.8,12.15,4.67,18.69,-2.8
FCT2,2026-09-12,40.0,↑,5.61,2.8,1.23,0.89,0.71,-41.41,-65.85,1,4,0.9333,2.2525,11.82,8.18,0.0,15.45,-1.82
FCT2,2026-09-13,52.0,↑↑,12.73,11.82,2.46,3.63,2.13,-37.63,-56.38,1,4,0.9,1.9858,-2.44,-8.94,-4.07,3.25,-12.2
FCT2,2026-09-14,54.0,→,0.81,-2.44,1.64,1.46,0.7,-20.8,-27.25,2,3,1.15,1.7542,-0.83,-8.33,3.33,5.83,-10.0
FCT2,2026-09-15,62.0,→,5.83,-0.83,1.97,2.38,1.46,-5.12,-9.44,2,3,1.3864,1.536,-5.88,-0.84,2.52,6.72,-9.24
FCT2,2026-09-16,52.0,↓,0.0,-5.88,1.1,0.51,0.29,-14.54,-24.47,2,3,1.4197,1.9027,-1.79,10.71,14.29,18.75,-3.57
FCT2,2026-09-17,38.0,↓,2.68,-1.79,0.84,0.29,0.25,11.04,1.05,3,2,1.7197,1.3777,7.27,10.91,15.45,20.91,-1.82
FCT2,2026-09-18,24.0,↑,8.18,7.27,0.38,0.37,0.42,16.96,2.31,4,1,1.6721,1.1872,5.08,8.47,7.63,12.71,-2.54
FCT2,2026-09-19,37.0,↑,6.78,5.08,0.57,1.09,2.78,16.47,-8.12,4,1,1.6948,1.2156,-1.61,2.42,4.84,7.26,-3.23
FCT2,2026-09-20,32.0,↓,2.42,-1.61,0.61,0.52,0.93,4.54,-24.13,4,1,1.3312,1.2156,4.92,4.1,7.38,9.02,-1.64
FCT2,2026-09-21,42.0,→,9.02,4.92,0.95,1.51,2.35,20.02,17.24,4,1,1.4169,0.9442,-0.78,1.56,1.56,4.69,-6.25
FCT2,2026-09-22,34.0,↓,0.0,-0.78,0.85,0.62,0.59,-7.53,-31.4,3,2,1.1169,1.2987,0.0,3.15,2.36,5.51,-1.57
FCT2,2026-09-23,36.0,↓,3.15,0.0,0.83,0.45,0.5,19.23,-3.32,3,2,1.7062,1.1558,2.36,2.36,,5.51,-1.57
FCT2,2026-09-24,32.0,→,2.36,2.36,0.57,0.49,0.46,-3.95,-14.7,2,3,1.6001,1.7316,0.77,0.0,,3.08,-1.54
FCT2,2026-09-25,25.0,→,0.77,0.77,0.47,0.36,0.56,15.71,-5.99,2,3,2.1274,1.5498,-0.76,,,2.29,-2.29
FCT2,2026-09-26,37.0,↓,2.29,-0.76,0.57,0.67,1.09,38.22,5.65,3,2,2.5083,1.1212,0.0,,,3.08,-1.54
FCT2,2026-09-27,45.0,↓,3.08,0.0,0.66,0.96,1.58,29.74,31.72,3,2,2.7083,1.4667,,,,,
TRUST,2026-08-24,41.0,↓,0.14,-2.89,1.16,0.33,0.24,45.87,2.24,4,1,1.9385,0.7193,0.71,2.27,0.43,4.82,-2.13
TRUST,2026-08-25,25.0,→,3.12,0.71,0.55,0.51,0.31,45.73,0.05,4,1,1.8037,0.6716,2.96,-0.99,4.37,6.76,-2.82
TRUST,2026-08-26,20.0,→,4.08,2.96,0.46,0.34,0.62,18.92,-12.57,3,2,1.6431,1.1201,-1.37,-3.15,3.28,4.51,-5.61
TRUST,2026-08-27,25.0,→,0.96,-1.37,0.44,0.4,0.88,9.12,-19.75,2,3,1.6117,1.3424,-2.5,2.77,-0.28,6.52,-4.3
TRUST,2026-08-28,29.0,↓,0.69,-2.5,0.44,0.52,1.2,21.09,26.78,3,2,1.8,1.173,0.71,7.4,1.42,9.25,-1.0
TRUST,2026-08-29,25.0,→,1.42,0.71,0.4,0.22,0.51,12.15,12.37,3,2,1.4314,1.1212,4.66,1.55,4.24,8.47,-0.28
TRUST,2026-08-30,83.0,↑↑,7.06,4.66,1.59,3.93,9.84,5.03,3.35,3,2,1.5306,1.3841,1.89,-3.78,0.81,4.05,-4.72
TRUST,2026-08-31,73.0,↑,3.1,1.89,1.66,1.74,1.43,1.99,-54.14,3,2,1.2579,1.2089,-4.77,-2.25,1.72,2.12,-6.49
TRUST,2026-09-01,66.0,→,1.72,-4.77,1.79,0.88,0.57,13.96,-15.67,4,1,1.5841,1.196,-0.83,3.89,8.62,9.87,-1.81
TRUST,2026-09-02,34.0,↓,0.7,-0.83,1.19,0.41,0.18,7.33,-20.09,3,2,1.3471,1.1631,3.51,7.71,7.15,10.8,-0.7
TRUST,2026-09-03,25.0,↑,4.35,3.51,0.71,0.56,0.45,0.63,-22.57,3,2,1.3749,1.3576,1.22,5.83,4.47,7.05,-2.3
TRUST,2026-09-04,71.0,→,4.47,1.22,1.03,2.16,3.04,-6.77,-24.16,2,3,1.0742,1.2301,2.81,2.28,5.22,8.84,-0.8
TRUST,2026-09-05,18.0,↑,2.81,2.81,0.95,0.56,0.62,2.98,4.79,2,3,1.4542,1.3701,1.69,0.39,-1.56,6.64,-3.52
TRUST,2026-09-06,18.0,→,2.86,1.69,0.95,0.58,0.61,0.88,-7.91,2,3,1.1814,1.1608,-2.18,0.64,-1.28,4.87,-6.79
TRUST,2026-09-07,28.0,↓,0.0,-2.18,0.49,0.41,0.43,18.86,6.04,3,2,1.6233,1.1081,0.92,-1.05,3.27,7.2,-4.71
TRUST,2026-09-08,27.0,→,2.75,0.92,0.5,0.59,1.18,31.12,10.83,3,2,1.5806,0.8303,1.95,0.0,1.3,8.04,-5.58
TRUST,2026-09-09,58.0,→,5.45,1.95,0.84,1.68,3.34,19.26,4.56,3,2,1.6695,1.1303,-3.82,0.38,0.89,7.76,-7.38
TRUST,2026-09-10,65.0,→,4.2,-3.82,1.28,1.42,1.41,5.32,-25.93,3,2,1.3764,1.2373,1.98,3.31,-1.06,12.04,-3.7
TRUST,2026-09-11,57.0,↑,3.31,1.98,1.41,0.82,0.59,-14.88,-41.48,2,3,1.2711,1.7156,2.33,2.85,-4.28,9.86,-9.99
TRUST,2026-09-12,63.0,↑,4.67,2.33,1.31,1.63,1.1,-16.65,-39.53,2,3,1.2295,1.7206,-1.01,-5.2,-6.59,7.35,-12.04
TRUST,2026-09-13,51.0,↓,5.58,-1.01,1.11,1.19,1.0,-40.76,-53.97,1,4,0.9405,2.2348,1.54,-5.51,2.43,8.45,-11.14
TRUST,2026-09-14,72.0,↑,8.45,1.54,1.64,2.61,2.48,-51.58,-61.79,1,4,0.8282,2.5927,-5.67,-7.06,2.14,5.93,-12.48
TRUST,2026-09-15,68.0,→,3.53,-5.67,1.53,1.25,0.8,-43.83,-48.36,1,4,1.0101,2.5864,-1.34,6.95,5.88,12.3,-7.22
TRUST,2026-09-16,57.0,→,1.2,-1.34,1.4,0.78,0.54,-40.68,-45.77,1,4,1.0329,2.4496,-0.14,9.76,10.57,13.82,-1.9
TRUST,2026-09-17,40.0,↓,0.41,-0.14,0.76,0.31,0.23,-32.6,-38.2,1,4,1.2218,2.4038,8.55,7.46,15.47,18.59,-0.41
TRUST,2026-09-18,43.0,↑,8.55,8.55,0.73,1.01,1.38,-1.98,-24.29,2,3,1.9294,2.0072,1.25,2.0,3.0,9.25,-3.0
TRUST,2026-09-19,51.0,→,5.0,1.25,0.77,1.04,1.58,22.18,-9.24,3,2,1.8568,1.1826,-2.22,5.06,1.6,7.9,-4.2
TRUST,2026-09-20,43.0,↓,0.74,-2.22,0.87,0.57,0.72,21.35,-0.12,3,2,1.8188,1.1789,3.03,4.04,5.3,10.35,-1.64
TRUST,2026-09-21,50.0,↑,3.28,3.03,0.89,1.0,1.09,39.6,21.41,4,1,2.109,0.9124,4.29,0.86,1.47,7.11,-3.8
TRUST,2026-09-22,61.0,↑,7.11,4.29,1.41,2.87,3.29,37.86,19.64,4,1,1.8209,0.8209,-3.17,-2.0,5.64,13.16,-7.76
TRUST,2026-09-23,59.0,→,1.76,-3.17,1.32,0.86,0.69,11.91,-1.87,3,2,1.2828,1.0099,-0.12,0.49,,16.87,-4.73
TRUST,2026-09-24,55.0,→,1.46,-0.12,1.3,0.79,0.58,4.36,-5.88,2,3,1.4442,1.3236,1.34,9.23,,17.01,-2.55
TRUST,2026-09-25,43.0,→,1.34,1.34,0.82,0.7,0.46,35.93,19.25,3,2,1.9585,0.9231,-0.72,,,15.47,-3.12
TRUST,2026-09-26,58.0,↓,3.12,-0.72,0.98,1.38,1.58,45.73,26.89,3,2,2.2772,0.8481,8.57,,,16.3,-0.97
TRUST,2026-09-27,78.0,↑↑,16.3,8.57,10.58,33.5,35.5,26.22,10.72,2,3,2.2516,1.3161,,,,,
IRYS,2026-08-24,39.0,↓,1.03,-3.59,0.71,0.57,0.82,6.43,3.47,3,2,1.6656,1.4643,-0.53,1.6,0.53,3.72,-3.72
IRYS,2026-08-25,37.0,↓,3.72,-0.53,0.67,0.61,0.74,8.64,2.57,3,2,1.5656,1.3167,1.6,0.53,1.6,4.28,-3.21
IRYS,2026-08-26,34.0,→,1.6,1.6,0.62,0.36,0.53,6.34,1.99,3,2,1.7279,1.5218,0.53,-0.53,2.63,6.32,-4.74
IRYS,2026-08-27,39.0,→,1.05,0.53,0.5,0.41,0.65,9.72,1.38,3,2,1.7279,1.4218,-1.57,-0.52,-2.09,5.76,-5.24
IRYS,2026-08-28,48.0,↓,1.05,-1.57,0.54,0.77,1.5,29.5,25.72,4,1,2.1394,1.1647,0.53,3.72,-1.6,7.45,-2.66
IRYS,2026-08-29,32.0,→,2.13,0.53,0.59,0.29,0.44,40.1,37.39,4,1,2.1394,0.9147,0.53,-1.06,0.0,6.88,-3.17
IRYS,2026-08-30,45.0,→,3.17,0.53,0.71,0.7,1.08,25.88,25.93,3,1,2.1679,1.2766,2.63,-2.63,1.58,6.32,-4.21
IRYS,2026-08-31,53.0,↑,6.32,2.63,0.87,1.54,2.12,19.73,24.1,3,1,2.0333,1.3631,-4.1,-3.08,1.54,3.59,-6.67
IRYS,2026-09-01,49.0,↓,1.03,-4.1,1.01,0.76,0.88,0.23,-8.51,2,2,1.9103,1.9016,-1.07,3.21,5.35,8.02,-2.67
IRYS,2026-09-02,46.0,↓,0.53,-1.07,1.07,0.64,0.56,-12.24,-17.84,1,2,1.5055,1.9254,2.16,7.03,8.65,11.35,-1.62
IRYS,2026-09-03,40.0,→,2.7,2.16,0.75,0.66,0.58,-19.4,-35.31,1,2,1.3222,1.9587,2.12,4.23,5.82,8.99,-3.7
IRYS,2026-09-04,57.0,→,4.76,2.12,0.91,1.26,1.57,-22.54,-36.28,1,2,1.0936,1.7301,2.59,4.15,1.04,7.77,-1.04
IRYS,2026-09-05,54.0,↑,4.66,2.59,1.07,1.26,1.4,-5.06,-18.96,2,1,1.2811,1.4176,-0.51,1.01,-5.56,5.05,-6.57
IRYS,2026-09-06,41.0,↓,2.02,-0.51,0.96,0.52,0.51,5.45,2.78,2,1,1.386,1.2428,2.03,-1.02,-4.06,5.58,-6.6
IRYS,2026-09-07,58.0,→,4.57,2.03,1.01,1.41,1.42,0.57,0.21,2,2,1.5943,1.5761,-0.5,-6.97,-3.48,3.48,-8.46
IRYS,2026-09-08,45.0,↓,2.49,-0.5,0.91,0.88,0.84,-11.03,-11.67,1,3,1.467,1.8307,-2.5,-5.5,-5.5,4.0,-8.0
IRYS,2026-09-09,56.0,↓,4.0,-2.5,1.07,1.15,1.28,-15.47,-15.22,1,4,1.6004,2.1862,-4.1,-0.51,-2.56,1.54,-5.64
IRYS,2026-09-10,46.0,↓,0.51,-4.1,0.94,0.92,0.85,-24.09,-25.63,0,5,1.3982,2.2855,1.07,1.07,-2.67,5.88,-3.74
IRYS,2026-09-11,40.0,→,2.67,1.07,0.91,0.5,0.48,-18.02,-19.32,1,4,1.3982,2.0128,2.65,0.53,-2.12,4.76,-5.29
IRYS,2026-09-12,43.0,↑,3.17,2.65,0.68,0.42,0.44,-14.9,-17.82,1,3,1.3982,1.8878,-2.58,-6.19,-3.09,2.06,-7.73
IRYS,2026-09-13,49.0,↓,2.06,-2.58,0.65,0.92,1.34,-16.68,-16.59,1,3,1.1254,1.5761,0.53,-2.12,6.35,6.88,-5.29
IRYS,2026-09-14,45.0,→,1.59,0.53,0.66,0.61,0.97,-29.81,-29.78,1,3,0.7921,1.465,-4.21,-1.05,12.11,12.63,-5.79
IRYS,2026-09-15,41.0,↓,1.05,-4.21,0.86,0.85,1.23,-31.63,-32.1,1,3,0.8068,1.5532,1.65,10.44,15.93,23.63,-1.65
IRYS,2026-09-16,42.0,→,1.65,1.65,0.73,0.49,0.55,-34.59,-38.81,0,3,0.7917,1.629,1.62,15.14,16.76,21.62,-1.08
IRYS,2026-09-17,45.0,→,1.62,1.62,0.68,0.53,0.74,-15.54,-28.91,1,3,0.9167,1.254,6.91,12.23,16.49,19.68,-2.13
IRYS,2026-09-18,51.0,↑,7.45,6.91,0.82,1.23,1.66,8.47,-10.75,2,2,1.3167,1.1111,5.97,7.46,5.97,11.94,-8.46
IRYS,2026-09-19,50.0,↑,6.47,5.97,1.2,1.85,2.3,30.71,19.53,3,1,1.3833,0.7333,-0.94,2.82,6.1,7.51,-13.62
IRYS,2026-09-20,82.0,→,5.63,-0.94,1.91,3.14,2.57,66.02,56.63,4,0,1.4275,0.2922,2.37,0.95,9.95,10.9,-12.8
IRYS,2026-09-21,58.0,↑,3.32,2.37,1.64,1.03,0.58,36.33,1.32,4,1,1.5941,0.7445,1.39,4.63,6.02,9.72,-14.81
IRYS,2026-09-22,57.0,↑,2.31,1.39,1.49,1.25,0.74,24.41,1.13,4,1,1.4787,0.8984,-2.74,5.94,3.65,8.22,-4.57
IRYS,2026-09-23,52.0,↓,2.74,-2.74,1.02,1.19,0.8,34.83,18.49,4,1,1.9706,0.9524,6.1,7.51,,11.27,-1.88
IRYS,2026-09-24,21.0,↑,7.51,6.1,0.95,0.74,0.7,26.16,13.32,3,2,2.154,1.2608,2.65,0.44,,4.87,-2.65
IRYS,2026-09-25,41.0,→,3.54,2.65,1.0,1.35,1.36,19.57,7.26,3,2,2.0098,1.3519,-1.29,,,2.16,-3.45
IRYS,2026-09-26,32.0,↓,2.16,-1.29,0.84,0.75,0.74,41.24,42.63,4,1,2.1051,0.8758,-0.87,,,1.75,-2.18
IRYS,2026-09-27,39.0,↓,1.75,-0.87,0.78,0.55,0.63,25.77,30.85,3,2,1.9932,1.1765,,,,,
HP,2026-08-24,59.0,→,0.1,-2.67,1.55,0.56,0.3,24.89,27.06,3,2,1.6159,0.9718,2.75,7.82,3.81,20.51,-0.32
HP,2026-08-25,45.0,↑,3.17,2.75,0.91,0.86,0.51,0.45,18.62,2,3,1.3301,1.3183,2.57,1.65,3.91,17.28,-1.34
HP,2026-08-26,42.0,↑,2.57,2.57,0.77,0.96,1.03,14.75,26.57,3,2,1.4532,1.0796,2.31,-1.5,2.31,14.34,-2.51
HP,2026-08-27,66.0,→,6.32,2.31,1.46,2.93,3.86,26.33,33.09,4,1,1.7518,1.0216,-3.14,-0.98,0.98,11.76,-4.71
HP,2026-08-28,87.0,→,11.76,-3.14,3.75,9.32,7.57,4.53,-9.09,3,2,1.3806,1.2611,-0.61,3.24,8.3,8.3,-1.62
HP,2026-08-29,46.0,→,0.0,-0.61,2.04,0.24,0.11,-32.53,-68.98,2,3,0.8871,1.7428,2.85,4.89,6.92,9.98,0.41
HP,2026-08-30,45.0,↑,3.87,2.85,1.83,0.55,0.26,4.84,-63.67,3,2,1.5121,1.3724,0.99,5.94,4.95,12.87,-2.38
HP,2026-08-31,23.0,→,0.99,0.99,0.39,0.36,0.19,-12.21,-67.72,2,3,1.2091,1.5453,0.98,2.94,1.96,11.76,-2.16
HP,2026-09-01,23.0,→,0.98,0.98,0.44,0.37,0.96,0.88,-63.67,2,3,1.5729,1.5453,3.88,2.91,1.94,10.68,-1.94
HP,2026-09-02,35.0,↑,3.88,3.88,0.51,0.71,1.52,26.85,-61.1,3,2,1.7791,1.0258,-1.87,-2.8,0.0,6.54,-3.74
HP,2026-09-03,28.0,↓,0.93,-1.87,0.53,0.48,0.96,74.79,65.12,4,1,2.0392,0.2941,0.95,0.0,2.86,8.57,-1.9
HP,2026-09-04,54.0,→,8.57,0.95,0.81,1.35,2.61,72.1,66.22,4,1,1.8142,0.2941,-1.89,0.94,6.6,8.49,-2.83
HP,2026-09-05,25.0,↓,0.94,-1.89,0.62,0.25,0.33,43.15,1.34,4,1,2.0142,0.8,0.96,3.85,5.77,10.58,-0.96
HP,2026-09-06,25.0,→,1.92,0.96,0.6,0.33,0.51,19.49,-11.95,3,1,1.5583,1.05,1.9,7.62,9.52,19.05,-1.9
HP,2026-09-07,23.0,→,1.9,1.9,0.35,0.39,0.59,14.43,-12.08,3,1,1.85,1.3833,0.93,2.8,10.28,16.82,-1.87
HP,2026-09-08,46.0,→,2.8,0.93,0.73,0.78,1.18,18.63,-13.87,3,1,2.0167,1.3833,4.63,6.48,22.22,22.22,-1.85
HP,2026-09-09,61.0,↑↑,6.48,4.63,1.32,2.64,3.66,6.14,-21.1,2,1,2.0167,1.7833,-2.65,4.42,9.73,18.58,-6.19
HP,2026-09-10,68.0,→,0.88,-2.65,1.47,1.61,1.35,25.68,19.2,3,0,2.0389,1.2056,4.55,20.0,1.82,21.82,-2.73
HP,2026-09-11,80.0,↑,13.64,4.55,3.3,6.9,4.99,35.86,32.37,4,0,2.2889,1.0806,2.61,7.83,-4.35,16.52,-8.7
HP,2026-09-12,39.0,↑,4.35,2.61,1.96,0.94,0.44,15.72,-24.28,3,1,1.7889,1.3028,11.86,-5.08,0.0,13.56,-11.02
HP,2026-09-13,49.0,↑↑,11.86,11.86,2.51,3.0,1.53,3.45,-23.52,3,1,1.6639,1.5528,-6.06,-16.67,-6.82,1.52,-20.45
HP,2026-09-14,58.0,→,1.52,-6.06,1.47,1.66,0.78,9.29,-15.6,4,1,1.3889,1.1528,-9.68,-4.84,-0.81,0.81,-15.32
HP,2026-09-15,61.0,→,0.81,-9.68,1.44,0.8,0.54,2.67,-20.53,3,2,1.3333,1.2639,-1.79,9.82,6.25,11.61,-6.25
HP,2026-09-16,45.0,↓,1.79,-1.79,0.99,0.8,0.56,-11.0,-26.76,3,2,0.9667,1.2056,7.27,11.82,12.73,13.64,0.91
HP,2026-09-17,76.0,↑↑,12.73,7.27,1.53,3.1,3.26,35.18,29.88,4,1,1.3556,0.65,4.24,0.85,4.24,5.93,-3.39
HP,2026-09-18,54.0,↑,5.93,4.24,1.39,1.17,0.99,6.46,-32.26,3,2,0.9806,0.8615,0.0,0.81,0.81,4.07,-6.5
HP,2026-09-19,55.0,→,0.0,0.0,1.29,0.66,0.52,7.77,-26.21,3,2,1.2192,1.0434,-3.25,0.0,2.44,4.07,-6.5
HP,2026-09-20,45.0,↓,0.0,-3.25,0.74,0.52,0.4,48.6,6.43,4,1,2.0525,0.71,4.2,4.2,7.56,7.56,-1.68
HP,2026-09-21,33.0,→,4.2,4.2,0.51,0.38,0.51,51.79,11.6,4,1,2.4192,0.7684,-0.81,1.61,4.03,4.03,-3.23
HP,2026-09-22,38.0,↓,0.0,-0.81,0.46,0.33,0.55,47.33,5.46,4,1,2.1494,0.7684,0.81,4.07,6.5,6.5,-1.63
HP,2026-09-23,43.0,→,4.07,0.81,0.42,0.5,1.07,80.86,72.6,5,0,2.8994,0.3068,1.61,4.03,,5.65,-1.61
HP,2026-09-24,38.0,→,1.61,1.61,0.38,0.24,0.5,60.41,63.13,4,1,2.8214,0.6964,1.59,3.97,,3.97,-2.38
HP,2026-09-25,48.0,→,1.59,1.59,0.45,0.53,1.19,53.85,44.36,4,1,2.3214,0.6964,0.78,,,2.34,-2.34
HP,2026-09-26,39.0,→,0.78,0.78,0.39,0.4,0.82,61.81,51.19,4,1,2.4214,0.5714,1.55,,,1.55,-2.33
HP,2026-09-27,19.0,→,1.55,1.55,0.44,0.42,1.0,64.37,52.27,4,1,2.6357,0.5714,,,,,
PUMP,2026-08-24,35.0,→,0.42,-9.07,1.83,0.72,0.32,4.37,19.27,2,2,1.1389,1.0434,-3.99,3.37,7.98,9.2,-7.06
PUMP,2026-08-25,18.0,↓,5.83,-3.99,0.91,0.6,0.29,15.51,23.08,3,2,1.2053,0.8816,8.47,2.4,-0.48,13.74,-3.19
PUMP,2026-08-26,29.0,→,9.58,8.47,0.67,1.08,1.04,7.65,22.98,3,2,1.4434,1.2382,-0.74,3.68,-9.72,4.86,-14.43
PUMP,2026-08-27,27.0,↓,2.36,-0.74,0.57,0.42,0.61,15.25,28.89,3,2,1.3046,0.9594,-4.9,-7.57,-10.09,5.64,-13.8
PUMP,2026-08-28,33.0,↓,1.78,-4.9,0.52,0.34,0.53,23.15,21.07,3,2,1.7042,1.0634,9.83,-4.37,-12.17,11.08,-13.88
PUMP,2026-08-29,16.0,↑,11.08,9.83,0.29,0.2,0.36,27.92,22.74,3,2,1.6787,0.9459,-11.51,-13.92,-16.19,0.85,-21.59
PUMP,2026-08-30,43.0,↓,0.85,-11.51,0.27,0.33,1.02,19.51,13.36,2,3,1.5064,1.0145,-1.61,-9.63,-6.74,3.85,-11.4
PUMP,2026-08-31,23.0,↓,0.96,-1.61,0.31,0.33,1.0,40.39,35.62,3,2,1.4318,0.6079,-1.14,-3.75,-14.36,5.55,-14.52
PUMP,2026-09-01,20.0,↓,5.55,-1.14,0.34,0.23,0.69,50.12,51.64,4,1,2.026,0.6731,-7.1,-4.13,-9.74,2.81,-15.35
PUMP,2026-09-02,40.0,↓,0.33,-7.1,0.4,0.23,0.47,23.02,31.14,3,2,1.6302,1.02,4.8,-6.75,5.51,12.43,-8.88
PUMP,2026-09-03,45.0,→,10.66,4.8,0.63,0.93,1.84,22.2,27.94,3,2,1.443,0.9187,-1.53,-7.29,-1.02,7.29,-13.05
PUMP,2026-09-04,48.0,↓,2.37,-1.53,0.72,0.66,1.08,5.6,1.98,3,2,1.4574,1.3027,-9.64,2.24,-4.13,13.6,-11.7
PUMP,2026-09-05,35.0,↓,0.86,-9.64,0.85,0.55,0.78,7.31,3.31,3,2,1.7939,1.5494,4.19,11.24,-4.95,25.71,-5.71
PUMP,2026-09-06,62.0,↑,7.24,4.19,1.25,1.72,1.72,-11.73,-20.01,2,3,1.1434,1.4472,8.59,1.83,-10.6,20.66,-12.61
PUMP,2026-09-07,68.0,↑,15.72,8.59,1.7,2.43,2.21,-6.81,-16.57,2,3,1.0555,1.2099,-1.68,-15.99,-13.64,11.11,-19.53
PUMP,2026-09-08,61.0,→,4.38,-1.68,1.59,0.95,0.66,-21.01,-27.57,1,4,1.0159,1.5565,-4.62,-16.27,-19.01,13.01,-19.18
PUMP,2026-09-09,66.0,→,13.01,-4.62,1.68,2.09,1.4,-7.51,-15.29,1,4,1.2923,1.5023,-10.41,-7.9,-10.59,0.54,-15.26
PUMP,2026-09-10,42.0,↓,0.54,-10.41,1.14,0.71,0.46,-38.59,-47.08,0,5,0.8386,1.8923,-2.0,-5.21,-4.01,8.02,-5.41
PUMP,2026-09-11,34.0,→,5.61,-2.0,1.15,0.73,0.63,-35.54,-45.59,1,4,0.884,1.8586,4.91,1.84,2.04,10.22,-4.91
PUMP,2026-09-12,29.0,→,10.22,4.91,0.68,0.41,0.37,-41.28,-51.32,1,4,0.8685,2.0896,-7.8,-6.63,9.94,10.53,-9.36
PUMP,2026-09-13,25.0,↓,2.53,-7.8,0.56,0.38,0.62,-41.04,-53.71,1,4,0.892,2.1335,5.29,5.5,22.83,28.33,-1.69
PUMP,2026-09-14,28.0,→,9.3,5.29,0.43,0.3,0.56,-56.41,-68.28,1,4,0.5312,1.9062,-3.82,13.25,16.47,21.89,-6.63
PUMP,2026-09-15,27.0,↓,1.61,-3.82,0.39,0.29,0.72,-52.63,-45.93,1,4,0.5071,1.6339,4.18,21.29,20.67,26.72,-2.92
PUMP,2026-09-16,42.0,→,8.14,4.18,0.48,0.63,1.78,-49.26,-47.48,0,5,0.6274,1.8456,13.03,16.23,18.64,23.45,0.0
PUMP,2026-09-17,52.0,↑,13.63,13.03,0.87,1.38,3.03,-42.5,-38.68,0,5,0.667,1.6531,3.01,2.48,6.56,12.59,-5.14
PUMP,2026-09-18,52.0,→,7.62,3.01,1.14,1.07,1.2,-44.62,-42.21,0,5,0.4867,1.271,-0.17,1.89,-5.34,9.29,-7.92
PUMP,2026-09-19,56.0,↓,1.72,-0.17,1.13,0.82,0.73,-38.35,-36.72,0,5,0.6825,1.5315,-0.34,3.62,-9.31,9.48,-11.03
PUMP,2026-09-20,54.0,↓,2.76,-0.34,1.0,0.92,0.65,-0.61,-3.43,1,4,1.363,1.3796,2.42,-4.84,-1.9,9.86,-10.73
PUMP,2026-09-21,54.0,→,6.57,2.42,1.02,1.35,1.2,15.39,10.38,2,3,1.8861,1.3831,1.52,-11.15,1.18,7.26,-12.84
PUMP,2026-09-22,63.0,↑,7.26,1.52,1.3,1.99,1.79,13.12,6.49,2,3,1.9238,1.4774,-8.49,-5.66,16.31,17.64,-14.14
PUMP,2026-09-23,83.0,→,0.67,-8.49,1.69,2.43,1.92,-1.94,-14.54,2,3,2.0462,2.1272,-4.36,8.91,,28.55,-6.18
PUMP,2026-09-24,66.0,→,0.91,-4.36,1.51,1.1,0.72,7.04,-3.96,3,2,1.9858,1.7244,7.79,32.89,,34.41,-0.76
PUMP,2026-09-25,56.0,↑↑,8.94,7.79,1.43,1.31,0.91,-1.37,-9.91,3,2,1.5395,1.5824,5.64,,,24.69,-0.88
PUMP,2026-09-26,63.0,↑,10.93,5.64,1.37,2.06,1.59,-22.86,-23.42,2,3,0.913,1.4541,16.69,,,18.03,-2.0
PUMP,2026-09-27,53.0,↑↑,18.03,16.69,1.71,2.65,2.18,-34.81,-39.49,2,3,0.7007,1.449,,,,,
